,Unnamed: 0,IIiii,StationName,ItemList,IP,NNnn,EEEee,lon,lat,Height,H_Gnd,ZoomLevel,Selected,Province,City,County,Town,Village,Country,Address0,Type,Note,Address,TZAir,ShareF,Property,Index0
0,0,58653,括苍山,PTURF,255.0.0.0,2849,12055,120.9222,28.80972,13834,13824,2,False,浙江,台州,临海市,括苍镇,,临海市,临海市括苍山米筛廊山顶(山地),区域站,中尺度,-         ,0.0,SHARED_VER,"高山,YA",R
1,1,58661,椒江口,PTURFV,255.0.0.0,2840,12131,121.5108,28.6625,40,30,2,False,浙江,台州,椒江区,海门街道,,椒江区,椒江区椒江口台风地标(平原),区域站,中尺度,-         ,1.0,SHARED_VER,沿海航线TZW,RF
2,2,58662,牛山,PTURFV,255.0.0.0,2901,12142,121.7056,29.0131,610,600,2,False,浙江,台州,三门县,浦坝港镇,,三门县,三门县浦坝港镇浬浦牛山岛上(岛屿),区域站,中尺度,-         ,1.0,SHARED_VER,沿海航线,RFH
3,3,58663,东矶,PTURFV,255.0.0.0,2843,12155,121.9156,28.71889,970,960,2,True,浙江,台州,临海市,上盘镇,,临海市,临海市上盘镇东矶岛山上(岛屿),区域站,强风站,-         ,1.0,SHARED_VER,海岛航线,RF
4,4,58668,披山,PTURFV,255.0.0.0,2806,12131,121.52,28.09583,1220,1210,2,False,浙江,台州,玉环市,鸡山乡,,玉环市,玉环市披山岛(岛屿),区域站,中尺度,-         ,1.0,SHARED_VER,海岛航线,F
5,5,58669,石塘,PTURFV,255.0.0.0,2816,12137,121.616252,28.260317,750,750,2,False,浙江,台州,温岭市,石塘镇,,温岭市,温岭市石塘镇小山头(岛屿),区域站,中尺度,-         ,1.0,SHARED_VER,沿海航线,RFH
6,6,K8001,赤龙,PTURF,255.0.0.0,2839,12125,121.4189,28.65472,280,270,16,False,浙江,台州,椒江区,白云街道,,椒江区,台州市气象局大院(平原),区域站,中尺度,-         ,0.0,SHARED_VER,,R
7,7,K8003,绿心,PTURF,255.0.0.0,2838,12121,121.3521,28.638986,2060,2050,16,False,浙江,台州,椒江区,葭沚街道,,椒江区,椒江区葭沚街道井马村北侧山上,区域站,中尺度,-         ,0.0,,,
8,8,K8010,椒江口BD,PTURFV,255.0.0.0,2840,12131,121.5108,28.6625,40,30,64,False,浙江,台州,椒江区,,,椒江区,椒江区椒江口台风地标(平原),区域站,中尺度,-         ,0.0,,,
9,9,K8011,绿心BD,PTURF,255.0.0.0,2838,12121,121.3521,28.62899,1870,1860,64,False,浙江,台州,椒江区,葭沚街道,,椒江区,台州市经济开发区井马水库北侧山上-井马村(丘陵),区域站,中尺度,-         ,0.0,,,
10,10,K8013,虾捕BD,TRF,255.0.0.0,2830,12153,121.8901,28.50553,1610,1600,64,False,浙江,台州,椒江区,大陈镇,,椒江区,台州市椒江区大陈镇上大陈南岙村虾捕(岛屿),区域站,中尺度,-         ,,,,
11,11,K8014,一江山BD,PTURFV,255.0.0.0,2837,12149,121.8156,28.60861,510,500,64,False,浙江,台州,椒江区,大陈镇,,椒江区,椒江区一江山岛上(岛屿),区域站,中尺度,-         ,1.0,,海岛航线,
12,12,K8020,后岙BD,TRF,255.0.0.0,2839,12055,120.9097,28.66306,5410,5400,64,False,浙江,台州,黄岩区,屿头乡,,黄岩区,黄岩区屿头乡后岙(山地),区域站,中尺度,-         ,0.0,,"山区,CT",RFH
13,13,K8023,大寺基BD,TRF,255.0.0.0,2835,12048,120.7997,28.58417,11440,11430,64,False,浙江,台州,黄岩区,上郑乡,,黄岩区,黄岩区上郑乡大寺基(山地),区域站,中尺度,-         ,0.0,,"高山,CT",
14,14,K8024,富山BD,PTURF,255.0.0.0,2832,12054,120.9114,28.53583,7110,7100,64,False,浙江,台州,黄岩区,富山乡,,黄岩区,黄岩区富山乡马鞍山(山地),区域站,中尺度,-         ,1.0,SHARED_VER,"高山,CT",R
15,15,K8030,白果BD,PTURF,255.0.0.0,2829,12137,121.62174,28.48386,1180,1180,64,False,浙江,台州,路桥区,金清镇,,路桥区,路桥区金清镇白果山岛上(岛屿),区域站,中尺度,-         ,1.0,SHARED_VER,海岛航线,
16,16,K8032,三山BD,PTURFV,255.0.0.0,2834,12136,121.5944,28.56139,610,600,64,False,浙江,台州,路桥区,金清镇,,路桥区,路桥区金清镇黄琅三山岛(岛屿),区域站,中尺度,-         ,1.0,,海岛航线,
17,17,K8033,鹁鸪嘴BD,PTURFV,255.0.0.0,2833,12139,121.6422,28.55056,260,250,64,False,浙江,台州,路桥区, 金清镇,,路桥区,路桥区金清镇西廊岛鹁鸪嘴(岛屿),区域站,中尺度,-         ,1.0,,海岛航线,
18,18,K8034,湖屿岛BD,PTURFV,255.0.0.0,2828,12140,121.6653,28.45833,430,420,64,False,浙江,台州,路桥区, 金清镇,,路桥区,路桥区金清镇湖屿岛(岛屿),区域站,中尺度,-         ,,SHARED_VER,海岛航线,
19,19,K8040,东海塘BD,PTURFV,255.0.0.0,2825,12137,121.6122,28.41945,80,70,64,False,浙江,台州,温岭市,松门镇,,温岭市,温岭市松门镇东海围塘(平原),区域站,中尺度,-         ,0.0,,,
20,20,K8041,三蒜BD,PTURFV,255.0.0.0,2814,12138,121.6375,28.2325,950,940,64,False,浙江,台州,温岭市,石塘镇,,温岭市,温岭市石塘镇三蒜岛(岛屿),区域站,中尺度,-         ,0.0,,,
21,21,K8042,犁头咀BD,PTURF,255.0.0.0,2816,12126,121.4372,28.26611,310,300,64,False,浙江,台州,温岭市,城南镇,,温岭市,温岭市城南镇犁头咀(岛屿),区域站,中尺度,-         ,,,,
22,22,K8043,太湖山BD,PTURF,255.0.0.0,2830,12112,121.2019,28.49917,4080,4070,64,False,浙江,台州,温岭市,大溪镇,,温岭市,温岭市大溪太湖山仰天湖-太湖山村(丘陵),区域站,中尺度,-         ,0.0,SHARED_VER,高山,RFH
23,23,K8044,方山BD,PTURF,255.0.0.0,2825,12115,121.2428,28.42056,4660,4650,64,False,浙江,台州,温岭市,大溪镇,,温岭市,温岭市大溪镇方山顶(丘陵),区域站,中尺度,-         ,1.0,SHARED_VER,高山,RFH
24,24,K8045,隔海岛BD,TURF,255.0.0.0,2818,12139,121.6469,28.30417,210,200,64,False,浙江,台州,温岭市,石塘镇,,温岭市,温岭市石塘镇隔海村(岛屿),区域站,中尺度,-         ,,,,
25,25,K8046,石塘BD,PTURFV,255.0.0.0,2816,12137,121.6244,28.26583,750,750,64,False,浙江,台州,温岭市,石塘镇,,温岭市,温岭市石塘镇小山头(岛屿),区域站,中尺度,-         ,1.0,SHARED_VER,沿海航线,
26,26,K8047,黄茅山BD,PTURF,255.0.0.0,2832,12118,121.3078,28.52972,2110,2100,64,False,浙江,台州,温岭市,泽国镇,,温岭市,温岭市泽国镇黄茅山村山顶(丘陵),区域站,中尺度,-         ,0.0,SHARED_VER,,RF
27,27,K8048,伍佰屿BD,PTURF,255.0.0.0,2829,12137,121.6092,28.47694,60,50,64,False,浙江,台州,温岭市,滨海镇,,温岭市,温岭市滨海镇伍佰屿(岛屿),区域站,中尺度,-         ,,,,
28,28,K8049,北港BD,PTURF,255.0.0.0,2826,12139,121.6581,28.43167,670,660,64,False,浙江,台州,温岭市,松门镇,,温岭市,温岭市松门镇龙门北港(岛屿),区域站,中尺度,-         ,,,,
29,29,K8050,鸡山BD,PTURFV,255.0.0.0,2806,12122,121.3722,28.1,600,590,64,False,浙江,台州,玉环市,鸡山乡,,玉环市,玉环市鸡山乡南山村(岛屿),区域站,中尺度,-         ,0.0,,,
30,30,K8051,干江BD,PTURFV,255.0.0.0,2809,12122,121.3717,28.16639,1460,1450,64,False,浙江,台州,玉环市,干江镇,,玉环市,玉环市干江镇白马岙村小山头(丘陵),区域站,中尺度,-         ,0.0,,,
31,31,K8052,花岩浦BD,PTURFV,255.0.0.0,2812,12119,121.3089,28.19611,490,480,64,False,浙江,台州,玉环市,龙溪乡,,玉环市,玉环市龙溪乡花岩浦村(丘陵),区域站,中尺度,-         ,0.0,,,
32,32,K8053,大圆头BD,PTURF,255.0.0.0,2815,12125,121.4161,28.24195,1410,1400,64,False,浙江,台州,玉环市,沙门镇,,玉环市,玉环市沙门镇南山村大圆头山顶(141),区域站,中尺度,-         ,,,,
33,33,K8054,大岩头BD,PTURF,255.0.0.0,2803,12110,121.1631,28.04667,2370,2360,64,False,浙江,台州,玉环市,大麦屿街道,,玉环市,玉环市大麦屿街道龙湾村大岩头山上(237),区域站,中尺度,-         ,,,,
34,34,K8055,中鹿岛BD,PTURF,255.0.0.0,2803,12125,121.4106,28.05694,910,900,64,False,浙江,台州,玉环市,鸡山乡,,玉环市,玉环市鸡山乡中鹿岛(91),区域站,中尺度,-         ,,,,
35,35,K8056,披山BD,PTURFV,255.0.0.0,2805,12131,121.52,28.10583,1220,1210,64,False,浙江,台州,玉环市,鸡山乡,,玉环市,玉环市披山岛(岛屿),区域站,中尺度,-         ,1.0,SHARED_VER,海岛航线,F
36,36,K8057,江岩BD,PTURF,255.0.0.0,2810,12109,121.1492,28.17333,1370,1360,32,False,浙江,台州,玉环市,玉城街道,,玉环市,玉环市玉城街道江岩村北塘岗头(岛屿),区域站,中尺度,-         ,,,,
37,37,K8060,白沙BD,PTURFV,255.0.0.0,2843,12138,121.6383,28.71305,380,370,64,False,浙江,台州,临海市,上盘镇,,临海市,临海市上盘镇白沙村(岛屿),区域站,中尺度,-         ,0.0,,,
38,38,K8061,南岙村BD,PTURF,255.0.0.0,2851,12120,121.3322,28.84805,610,600,64,False,浙江,台州,临海市,邵家渡街道,,临海市,临海市邵家渡街道南岙村(丘陵),区域站,中尺度,-         ,,,NTS,
39,39,K8062,安基山BD,PTURF,255.0.0.0,2900,12058,120.9667,29.0,8050,8040,64,False,浙江,台州,临海市,白水洋镇,,临海市,临海市白水洋镇安基山(山地),区域站,中尺度,-         ,,,"山区,YA",
40,40,K8063,北泽岛BD,PTURF,255.0.0.0,2854,12145,121.75,28.9,700,690,64,False,浙江,台州,临海市,桃渚镇,,临海市,临海市北泽岛(岛屿),区域站,中尺度,-         ,0.0,SHARED_VER,海岛,
41,41,K8064,雀儿岙BD,PTURFV,255.0.0.0,2849,12151,121.8478,28.81,710,700,64,False,浙江,台州,临海市,上盘镇,,临海市,临海市上盘镇雀儿岙(岛屿),区域站,中尺度,-         ,1.0,,海岛航线,
42,42,K8065,头门BD,PTURFV,255.0.0.0,2841,12146,121.7589,28.69028,500,490,64,False,浙江,台州,临海市,上盘镇,,临海市,临海市上盘镇头门港区(岛屿),区域站,中尺度,-         ,1.0,,海岛码头航线,
43,43,K8066,括苍山BD,TPUFR,255.0.0.0,2849,12056,120.93333,28.80972,13830,13820,64,False,浙江,台州,临海市,括苍镇,,临海市,临海市括苍山米筛廊山顶(山地),区域站,中尺度,-         ,0.0,SHARED_VER,"高山,YA",
44,44,K8070,天柱BD,PTURF,255.0.0.0,2857,12049,120.8167,28.94,9250,9240,64,False,浙江,台州,天台县,龙溪乡,,天台县,天台县龙溪乡天柱林场(山地),区域站,中尺度,-         ,,,"山区,SF",
45,45,K8071,柱峰BD,PTURF,255.0.0.0,2901,12046,120.76972,29.023067,4460,4450,64,False,浙江,台州,天台县,龙溪乡,,天台县,天台县龙溪乡柱峰(山地),区域站,中尺度,-         ,,,SF,
46,46,K8072,苍山顶BD,PTURF,255.0.0.0,2909,12109,121.1528,29.15139,9190,9180,64,False,浙江,台州,天台县,坦头镇,,天台县,天台县坦头镇苍山顶林场(山地),区域站,中尺度,-         ,0.0,SHARED_VER,"山区,SF",
47,47,K8078,岭脚村BD,PTURF,255.0.0.0,2822,12117,121.2825,28.36194,470,460,64,False,浙江,台州,温岭市,温峤镇,,温岭市,温岭市温峤镇岭脚村(丘陵),区域站,中尺度,-         ,0.0,,山区,RF
48,48,K8079,九洞门BD,PTURF,255.0.0.0,2825,12140,121.6617,28.4125,560,550,64,False,浙江,台州,温岭市,松门镇,,温岭市,温岭市松门镇横门村九洞门(海岛),区域站,中尺度,-         ,1.0,SHARED_VER,海岛航线,
49,49,K8080,三角塘BD,PTURFV,255.0.0.0,2856,12143,121.7144,28.93806,260,250,64,False,浙江,台州,三门县,浦坝港镇,,三门县,三门县浦坝港镇沿江村山娘湾(岛屿),区域站,中尺度,-         ,0.0,,,
50,50,K8083,林场BD,PTURF,255.0.0.0,2903,12125,121.4242,29.04917,6280,6270,64,False,浙江,台州,三门县,海游街道,,三门县,三门县海游街道三门林场(山地),区域站,中尺度,-         ,,,,
51,51,K8084,扩塘山BD,PTURF,255.0.0.0,2853,12140,121.6617,28.89111,440,430,64,False,浙江,台州,三门县,浦坝港镇,,三门县,三门县浦坝港镇扩塘山(岛屿),区域站,中尺度,-         ,,,航线,
52,52,K8085,三门岛BD,PTURFV,255.0.0.0,2858,12148,121.7919,28.96472,460,450,64,False,浙江,台州,三门县,浦坝港镇,,三门县,三门县浦坝港镇三门岛龙塘山(岛屿),区域站,中尺度,-         ,,,,
53,53,K8086,五子岛BD,PTURFV,255.0.0.0,2900,12146,121.7608,29.00556,410,400,64,False,浙江,台州,三门县,浦坝港镇,,三门县,三门县浦坝港镇五子岛青士豆屿(岛屿),区域站,中尺度,-         ,,,,
54,54,K8087,五峙山BD,PTURFV,255.0.0.0,2855,12143,121.7244,28.91111,150,140,32,False,浙江,台州,三门县,浦坝港镇,,三门县,三门县浦坝港镇五峙山(岛屿),区域站,中尺度,-         ,,,,
55,55,K8090,安岭BD,TURF,255.0.0.0,2834,12020,120.3333,28.56083,4890,4880,64,False,浙江,台州,仙居县,安岭乡,,仙居县,仙居县安岭乡新官村(山地),区域站,中尺度,-         ,0.0,SHARED_VER,"高山,YA",
56,56,K8091,朱溪BD,PTURF,255.0.0.0,2843,12048,120.7936,28.71806,1040,1030,64,False,浙江,台州,仙居县,朱溪镇,,仙居县,仙居县朱溪镇大洪村(丘陵),区域站,中尺度,-         ,1.0,SHARED_VER,"山区,YA",RF
57,57,K8092,朱坑里BD,PTURF,255.0.0.0,2836,12039,120.6542,28.60417,4210,4200,64,False,浙江,台州,仙居县,淡竹乡,,仙居县,仙居县淡竹乡朱坑里村(丘陵),区域站,中尺度,-         ,,,YA,R
58,58,K8093,青尖山BD,PTURF,255.0.0.0,2855,12044,120.7275,28.91639,8250,8240,64,False,浙江,台州,仙居县,福应街道,,仙居县,仙居县福应街道青尖山顶(山地),区域站,中尺度,-         ,,,YA,
59,59,K8094,公盂BD,PTURF,255.0.0.0,2838,12039,120.6425,28.63917,6510,6500,64,False,浙江,台州,仙居县,田市镇,,仙居县,仙居县田市镇公盂村(山地),区域站,中尺度,-         ,,,YA,
60,60,K8095,天顶茶场BD,TURF,255.0.0.0,2838,12048,120.8078,28.62583,8710,8700,64,False,浙江,台州,仙居县,上张乡,,仙居县,仙居县上张乡杨树坪村(山地),区域站,中尺度,-         ,,,YA,
61,61,K8101,东方红,PTURF,255.0.0.0,2841,12127,121.4467,28.67805,220,210,16,False,浙江,台州,椒江区,海门街道,,椒江区,椒江区海门街道东方红村,区域站,中尺度,-         ,0.0,SHARED_VER,沿海,RF
62,62,K8102,椒江口,PTURFV,255.0.0.0,2839,12131,121.5167,28.65,130,130,64,False,浙江,台州,椒江区,海门街道,,椒江区,海门街道,区域站,中尺度,-         ,1.0,SHARED_VER,"沿海,高速",
63,63,K8103,涛江闸,PTURF,255.0.0.0,2842,12129,121.4897,28.69667,140,130,16,False,浙江,台州,椒江区,前所街道,,椒江区,椒江区沿江村涛江闸楼顶(平原),区域站,中尺度,-         ,1.0,SHARED_VER,沿海,RF
64,64,K8104,马峙,PTURF,255.0.0.0,2845,12124,121.4047,28.75389,220,210,16,False,浙江,台州,椒江区,章安街道,,椒江区,椒江区章安惠民小学楼顶(平原),区域站,中尺度,-         ,0.0,SHARED_VER,高速,RF
65,65,K8105,农场,PTRF,255.0.0.0,2837,12131,121.5167,28.6167,130,130,64,False,浙江,台州,椒江区,,,椒江区,椒江农场-九塘,区域站,中尺度,-         ,0.0,SHARED_VER,沿海,
66,66,K8106,大桥,PTURFV,255.0.0.0,2842,12124,121.3967,28.70806,60,60,12,False,浙江,台州,椒江区,章安街道,,椒江区,椒江区章安街道建设村大桥收费站院内(平原),区域站,中尺度,-         ,1.0,SHARED_VER,沿海航线,R
67,67,K8107,下陈,PTURF,255.0.0.0,2836,12128,121.4592,28.59306,50,40,16,False,浙江,台州,椒江区,下陈街道,,椒江区,椒江区下陈街道杨家村春锦苑渔庄(平原),区域站,中尺度,-         ,1.0,SHARED_VER,,RF
68,68,K8108,柏树里,PTURF,255.0.0.0,2844,12127,121.4508,28.73028,70,60,16,False,浙江,台州,椒江区,章安街道,,椒江区,椒江区章安街道惠民村(平原),区域站,中尺度,-         ,0.0,SHARED_VER,水稻,RF
69,69,K8109,新佳果,PTURF,255.0.0.0,2837,12131,121.5092,28.61944,40,30,16,False,浙江,台州,椒江区,三甲街道,,椒江区,椒江区三甲街道新佳果(平原),区域站,中尺度,-         ,1.0,SHARED_VER,沿海、柑橘、高速TZW,R
70,70,K8110,上大陈,TRF,255.0.0.0,2830,12154,121.9056,28.49639,560,550,12,False,浙江,台州,椒江区,大陈镇,,椒江区,椒江区大陈镇上大陈岛(岛屿),区域站,中尺度,-         ,1.0,,海岛航线,RFH
71,71,K8111,二桥,PTURFDV,255.0.0.0,2842,12128,121.4744,28.69444,310,300,16,False,浙江,台州,椒江区,前所街道,,椒江区,椒江区前所街道椒江二桥北岸(平原),区域站,中尺度,-         ,1.0,,沿海航线,
72,72,K8112,岳头村,PTURF,255.0.0.0,2840,12127,121.4556,28.66417,60,50,16,False,浙江,台州,椒江区,海门街道,,椒江区,椒江区医化企业管委会大院(平原),区域站,中尺度,-         ,,,,R
73,73,K8113,污水厂,PTURF,255.0.0.0,2839,12131,121.5019,28.64,40,30,16,False,浙江,台州,椒江区,海门街道,,椒江区,椒江区污水处理公司-澳门街道岩头村(平原),区域站,中尺度,-         ,,,高速TZW,RF
74,74,K8114,雷达站,PTURFEV,255.0.0.0,2837,12131,121.522441,28.61722,40,30,12,False,浙江,台州,椒江区,三甲街道,,椒江区,台州气象雷达站(平原),区域站,中尺度,-         ,1.0,,"航线,高速,GS TZW",
75,75,K8115,挡港桥,PTURF,255.0.0.0,2835,12124,121.3997,28.59028,120,110,16,False,浙江,台州,椒江区,洪家街道,,椒江区,椒江区洪家街道挡港桥村(平原),区域站,中尺度,-         ,1.0,,,R
76,76,K8116,一江山,PTURFV,255.0.0.0,2837,12149,121.8156,28.60861,510,500,8,False,浙江,台州,椒江区,大陈镇,,椒江区,椒江区一江山岛上(岛屿),区域站,中尺度,-         ,1.0,,海岛航线,
77,77,K8117,大陈码头,V,255.0.0.0,2827,12154,121.8894,28.45333,210,200,16,False,浙江,台州,椒江区,大陈镇,,椒江区,椒江区大陈镇大陈码头(岛屿),区域站,中尺度,-         ,1.0,,海岛,
78,78,K8118,乌石,PTURF,255.0.0.0,2841,12123,121.375,28.68333,60,50,16,False,浙江,台州,椒江区,葭沚街道,高坎村,椒江区,椒江区葭沚街道高坎村(平原),区域站,中尺度,-         ,0.0,,,
79,79,K8120,台州湾大桥,TUFD,255.0.0.0,2841,12131,121.5119,28.67805,210,200,16,False,浙江,台州,椒江区,海门街道,,椒江区,沿海高速台州湾大桥(海洋),区域站,中尺度,-         ,,,"高速,GS",
80,80,K8121,柑橘良种场,TRF,255.0.0.0,2844,12122,121.3692,28.73611,1510,1500,16,False,浙江,台州,椒江区,章安街道,山横村,椒江区,椒江区章安街道山横村柑橘良种场(丘陵),区域站,中尺度,-         ,,,,
81,81,K8122,烟草中心,TRF,255.0.0.0,2835,12132,121.5361,28.59,40,30,16,False,浙江,台州,椒江区,三甲街道,,椒江区,台州市集聚区烟草配送中心(平原),区域站,中尺度,-         ,,,TZW,
82,82,K8123,虾捕,TRF,255.0.0.0,2830,12153,121.8901,28.50553,1610,1600,16,False,浙江,台州,椒江区,大陈镇,,椒江区,台州市椒江区大陈镇上大陈南岙村虾捕(岛屿),区域站,中尺度,-         ,,,,
83,83,K8124,洪家二中,PTRF,255.0.0.0,2837,12125,121.4144,28.60372,60,50,16,False,浙江,台州,椒江区,i洪家街道,,椒江区,台州市椒江区洪家二中(平原),区域站,中尺度,-         ,,,,
84,84,K8125,上大陈码头,V,255.0.0.0,2829,12152,121.8731,28.47861,310,300,16,False,浙江,台州,椒江区,大陈镇,,椒江区,椒江区大陈镇上大陈码头(岛屿),区域站,中尺度,-         ,1.0,,海岛,
85,85,K8126,一江码头,V,255.0.0.0,2836,12149,121.81045,28.58675,300,300,16,False,浙江,台州,椒江区,大陈镇,,椒江区,椒江区大陈镇一江山岛展览馆后面(岛屿),区域站,中尺度,-         ,1.0,,海岛,
86,86,K8127,江北药业,TRF,255.0.0.0,2842,12122,121.3672,28.70611,60,50,16,False,浙江,台州,椒江区,章安街道,,,椒江区章安街道东埭村东埭码头(平原),区域站,中尺度,-         ,,,,
87,87,K8128,李宅村,TRF,255.0.0.0,2846,12124,121.3928,28.76,460,450,16,False,浙江,台州,椒江区,章安街道,,,椒江区章安街道李宅村(丘陵),区域站,中尺度,-         ,,,,
88,88,K8191,新民小学,TURF,255.0.0.0,2842,12126,121.4325,28.70583,60,60,32,False,浙江,台州,椒江区,前所街道,,椒江区,前所街道新民小学(平原),区域站,中尺度,-         ,0.0,,,
89,89,K8201,黄岩局,PTURFVNMO,255.0.0.0,2839,12117,121.28,28.6525,460,450,5,False,浙江,台州,黄岩区,东城街道,,黄岩区,台州市科技学院-王西村(平原),区域站,中尺度,-         ,1.0,SHARED_VER,"高速铁路,YN",RF
90,90,K8202,宁溪,PTURF,255.0.0.0,2835,12057,120.9753,28.59167,1500,1500,16,False,浙江,台州,黄岩区,宁溪镇,,黄岩区,黄岩区宁溪镇桥亭居(丘陵),区域站,中尺度,-         ,1.0,SHARED_VER,"山区,CT",
91,91,K8203,沙埠,TRF,255.0.0.0,2833,12110,121.1744,28.54806,450,450,16,False,浙江,台州,黄岩区,沙埠镇,,黄岩区,黄岩区沙埠镇横溪村佛岭水库,区域站,中尺度,-         ,0.0,SHARED_VER,"高速,YN",
92,92,K8204,长潭,TRF,255.0.0.0,2836,12103,121.0614,28.61028,280,280,16,False,浙江,台州,黄岩区,北洋镇,,黄岩区,黄岩区北洋镇长潭村长潭水库管理局,区域站,中尺度,-         ,0.0,SHARED_VER,"山区,YN,CT",
93,93,K8205,头陀,PTURFV,255.0.0.0,2840,12107,121.1369,28.67417,200,200,8,False,浙江,台州,黄岩区,头陀镇,,黄岩区,黄岩区头陀镇溪东村(平原),区域站,中尺度,-         ,1.0,SHARED_VER,"茭白,YN",R
94,94,K8206,富山,PTURF,255.0.0.0,2832,12055,120.9131,28.53583,7110,7100,12,False,浙江,台州,黄岩区,富山乡,,黄岩区,黄岩区富山乡安山村马鞍山(山地),区域站,中尺度,-         ,1.0,SHARED_VER,"高山,CT",R
95,95,K8207,白石,TRF,255.0.0.0,2841,12056,120.9375,28.67444,7600,7600,8,False,浙江,台州,黄岩区,屿头乡,,黄岩区,黄岩区屿头乡白石村(山地),区域站,中尺度,-         ,0.0,SHARED_VER,"高山,CT",R
96,96,K8208,屿头,PTURF,255.0.0.0,2839,12100,121.01093,28.65211,1600,1600,12,False,浙江,台州,黄岩区,屿头乡,,黄岩区,黄岩区屿头乡上凤村(丘陵),区域站,中尺度,-         ,1.0,SHARED_VER,"山区,CT",RF
97,97,K8209,上郑,TRF,255.0.0.0,2836,12052,120.8744,28.60583,2570,2560,16,False,浙江,台州,黄岩区,上郑乡,,黄岩区,黄岩区上郑乡下余村(丘陵),区域站,中尺度,-         ,0.0,SHARED_VER,"山区,CT",RF
98,98,K8210,上垟,PTURFV,255.0.0.0,2831,12101,121.008268,28.515366,800,800,16,False,浙江,台州,黄岩区,上垟乡,,黄岩区,黄岩区上垟乡上垟村(丘陵),区域站,中尺度,-         ,0.0,SHARED_VER,"山区,CT",RF
99,99,K8212,江口,PTURF,255.0.0.0,2841,12119,121.3275,28.6903,70,70,16,False,浙江,台州,黄岩区,江口街道,,黄岩区,黄岩区江口街道上辇村永宁江闸(平原),区域站,中尺度,-         ,0.0,SHARED_VER,"东槐杨梅铁路,YN",
100,100,K8213,院桥,PTURF,255.0.0.0,2833,12116,121.2781,28.54972,110,110,16,False,浙江,台州,黄岩区,院桥镇,,黄岩区,黄岩区院桥镇鸡笼山村鸡山(平原),区域站,中尺度,-         ,0.0,SHARED_VER,"西红柿高速,YN",R
101,101,K8214,高桥,PTURF,255.0.0.0,2835,12114,121.2314,28.58444,460,460,12,False,浙江,台州,黄岩区,高桥街道,,黄岩区,黄岩区高桥街道八份村小山坡(丘陵),区域站,中尺度,-         ,1.0,SHARED_VER,"高速,YN",RF
102,102,K8215,新前,TRF,255.0.0.0,2841,12112,121.2067,28.68139,140,130,16,False,浙江,台州,黄岩区,新前街道,,黄岩区,黄岩区新前街道屿下村(平原),区域站,中尺度,-         ,0.0,SHARED_VER,"茭白高速,YN",R
103,103,K8216,茅畲,TRF,255.0.0.0,2834,12106,121.1314,28.595,300,290,12,False,浙江,台州,黄岩区,茅畲乡,,黄岩区,黄岩区茅畲乡大礼村(丘陵),区域站,中尺度,-         ,0.0,SHARED_VER,"山区,YN",
104,104,K8217,澄江,PTURFV,255.0.0.0,2838,12110,121.1736,28.63222,130,120,4,False,浙江,台州,黄岩区,澄江街道,,黄岩区,黄岩区澄江街道凤洋村(平原),区域站,中尺度,-         ,1.0,SHARED_VER,"柑橘高速,YN",RF
105,105,K8218,科技学院,TRF,255.0.0.0,2840,12115,121.2539,28.66945,70,60,16,False,浙江,台州,黄岩区,北城街道,,黄岩区,黄岩区北城街道科技学院-王西村(平原),区域站,中尺度,-         ,1.0,SHARED_VER,YN,RF
106,106,K8219,铅锌矿,TR,255.0.0.0,2836,12055,120.92483,28.5981,2430,2420,16,False,浙江,台州,黄岩区,上郑乡,,黄岩区,黄岩区上郑乡蒋东岙村(丘陵),区域站,中尺度,-         ,,,"山区,CT",
107,107,K8220,北洋,TRF,255.0.0.0,2837,12106,121.0978,28.63056,260,250,16,False,浙江,台州,黄岩区,北洋镇,,黄岩区,黄岩区北洋镇前蒋村(平原),区域站,中尺度,-         ,0.0,SHARED_VER,"平原,YN",
108,108,K8221,平田,PTURF,255.0.0.0,2832,12104,121.0739,28.53806,3940,3930,12,False,浙江,台州,黄岩区,平田乡,,黄岩区,黄岩区平田乡天灯洋村(山地),区域站,中尺度,-         ,1.0,,CT,
109,109,K8222,大寺基,TRF,255.0.0.0,2835,12048,120.7997,28.58417,11440,11430,12,False,浙江,台州,黄岩区,上郑乡,,黄岩区,黄岩区上郑乡大寺基(山地),区域站,中尺度,-         ,0.0,,"高山,CT",R
110,110,K8225,牌门,TRF,255.0.0.0,2832,12057,120.9522,28.53722,1220,1210,16,False,浙江,台州,黄岩区,宁溪镇,,黄岩区,黄岩区宁溪镇牌门(山地),区域站,中尺度,-         ,0.0,,"山区,CT",
111,111,K8226,委羽山,PTURFV,255.0.0.0,2837,12114,121.2397,28.62472,200,190,16,False,浙江,台州,黄岩区,西城街道,,黄岩区,黄岩区西城街道G15高速沈海高速旁(平原),区域站,中尺度,-         ,1.0,,"山区,YN,GS",
112,112,K8227,十里铺,TRF,255.0.0.0,2837,12116,121.2672,28.6125,210,200,16,False,浙江,台州,黄岩区,南城街道,,黄岩区,黄岩区南城街道十里铺村乌龟山(平原),区域站,中尺度,-         ,,,YN,
113,113,K8228,江心屿,PTURF,255.0.0.0,2842,12120,121.3256,28.70555,110,100,12,False,浙江,台州,黄岩区,江口街道,,黄岩区,黄岩区江口街道上辇村江心屿公园(平原),区域站,中尺度,-         ,0.0,SHARED_VER,"东槐杨梅铁路,YN",R
114,114,K8229,白鹭湾,TRF,255.0.0.0,2837,12100,120.9992,28.61222,410,400,16,False,浙江,台州,黄岩区,宁溪镇,,黄岩区,黄岩区宁溪白鹭湾村(丘陵),区域站,中尺度,-         ,,,CT,
115,115,K8230,黄毛山,TRF,255.0.0.0,2835,12105,121.0769,28.57528,6470,6460,16,False,浙江,台州,黄岩区,平田乡,,黄岩区,黄岩区平田乡黄毛山村茶园(丘陵),区域站,中尺度,-         ,,,CT,
116,116,K8240,东城小学,TRF,255.0.0.0,2840,12117,121.3006,28.65111,260,250,16,False,浙江,台州,黄岩区,东城街道,,黄岩区,黄岩区东城街道红三村东城小学(平原),区域站,中尺度,-         ,,,YN,
117,117,K8241,王林,TR,255.0.0.0,2841,12117,121.2867,28.685,160,150,16,False,浙江,台州,黄岩区,北城街道,,黄岩区,黄岩区北城街道王林村(平原),区域站,中尺度,-         ,,,YN,
118,118,K8242,长滩,TR,255.0.0.0,2840,12059,120.9892,28.66028,930,920,16,False,浙江,台州,黄岩区,屿头乡,,黄岩区,黄岩区屿头乡三联村长滩丘陵),区域站,中尺度,-         ,,,CT,
119,119,K8243,岭根,TR,255.0.0.0,2833,12056,120.9364,28.54722,1320,1310,16,False,浙江,台州,黄岩区,宁溪镇,,黄岩区,黄岩区宁溪镇岭根村(丘陵),区域站,中尺度,-         ,,,CT,
120,120,K8244,下抱水库,TRF,255.0.0.0,2843,12113,121.2208,28.70972,1360,1350,16,False,浙江,台州,黄岩区,新前街道,,黄岩区,黄岩区新前街道石捣臼下抱水库(丘陵),区域站,中尺度,-         ,0.0,SHARED_VER,YN,R
121,121,K8245,南正顶,TR,255.0.0.0,2831,12051,120.8578,28.51028,9310,9300,16,False,浙江,台州,黄岩区,富山乡,,黄岩区,黄岩区富山乡南正顶(山地),区域站,中尺度,-         ,,,CT,
122,122,K8246,蒋东岙,TR,255.0.0.0,2837,12056,120.9275,28.6125,2730,2720,16,False,浙江,台州,黄岩区,上郑乡,,黄岩区,黄岩区上郑乡蒋东岙村独往脚(丘陵),区域站,中尺度,-         ,,,CT,
123,123,K8247,五尖山,TR,255.0.0.0,2840,12102,121.0386,28.66611,4340,4330,16,False,浙江,台州,黄岩区,北洋镇,,黄岩区,黄岩区北洋镇五尖山村(山地),区域站,中尺度,-         ,,,CT,
124,124,K8248,元同溪闸,PTURF,255.0.0.0,2837,12109,121.1458,28.62417,150,140,16,False,浙江,台州,黄岩区,头陀镇,,黄岩区,黄岩区头陀镇浦汇村元同溪闸(平原),区域站,中尺度,-         ,,,YN,
125,125,K8249,黄土岭,PTURF,255.0.0.0,2841,12114,121.2394,28.68306,270,260,16,False,浙江,台州,黄岩区,北城街道,,黄岩区,黄岩区北城街道黄土岭村(平原),区域站,中尺度,-         ,,,YN,
126,126,K8250,联丰,TR,255.0.0.0,2839,12104,121.0689,28.65278,540,530,16,False,浙江,台州,黄岩区,北洋镇,,黄岩区,黄岩区北洋镇联丰村(丘陵),区域站,中尺度,-         ,,,CT,
127,127,K8251,柑橘基地,PTURFESD,255.0.0.0,2838,12110,121.16778,28.60111,100,110,64,False,浙江,台州,黄岩区,澄江街道,,黄岩区,黄岩区澄江凤洋村柑橘实践基地,区域站,中尺度,-         ,0.0,,YN,
128,128,K8256,抱料,TR,255.0.0.0,2834,12051,120.8456,28.55972,5420,5410,16,False,浙江,台州,黄岩区,上郑乡,,黄岩区,黄岩区上郑乡干坑村抱料(山地),区域站,中尺度,-         ,,,CT,
129,129,K8257,决要,TR,255.0.0.0,2832,12051,120.8467,28.5325,4800,4790,16,False,浙江,台州,黄岩区,富山乡,,,黄岩区富山乡决要村(丘陵),区域站,中尺度,-         ,,,CT,
130,130,K8258,福利,TRF,255.0.0.0,2836,12058,120.9708,28.6075,720,710,16,False,浙江,台州,黄岩区,宁溪镇,,黄岩区,黄岩区宁溪镇福利村(丘陵),区域站,中尺度,-         ,,,,
131,131,K8259,布袋坑,PTURF,255.0.0.0,2842,12057,120.9442,28.70056,6180,6170,16,False,浙江,台州,黄岩区,屿头乡,,黄岩区,黄岩区屿头乡布袋山村布袋坑(山地),区域站,中尺度,-         ,,,,
132,132,K8262,科技备,TRFD,255.0.0.0,2840,12117,121.28,28.6725,80,70,32,False,浙江,台州,黄岩区,东城街道,,黄岩区,台州市科技学院-王西村(平原),区域站,中尺度,-         ,1.0,SHARED_VER,"高速铁路,YN",RF
133,133,K8270,东亚山庄,TRF,255.0.0.0,2836,12049,120.82,28.59833,9890,9880,16,False,浙江,台州,黄岩区,上郑乡,,黄岩区,黄岩区上郑乡大寺基东亚山庄(山地),区域站,中尺度,-         ,0.0,,"高山,CT",R
134,134,K8271,外金,TRF,255.0.0.0,2830,12053,120.8914,28.50778,5830,5820,16,False,浙江,台州,黄岩区,富山乡,,黄岩区,黄岩区富山乡南征顶村外金(山地),区域站,中尺度,-         ,0.0,,"高山,CT",RFH
135,135,K8272,牌门B,TRF,255.0.0.0,2832,12057,120.9522,28.52722,1220,1210,32,False,浙江,台州,黄岩区,宁溪镇,,黄岩区,黄岩区宁溪镇牌门(山地),区域站,中尺度,-         ,0.0,,"山区,CT",R
136,136,K8273,后岙,TRF,255.0.0.0,2839,12055,120.9097,28.66306,5410,5400,16,False,浙江,台州,黄岩区,屿头乡,,黄岩区,黄岩区屿头乡兴安村后岙(山地),区域站,中尺度,-         ,0.0,,"山区,CT",RFH
137,137,K8274,前思岙,TRF,255.0.0.0,2829,12101,121.0247,28.48611,1860,1850,16,False,浙江,台州,黄岩区,上垟乡,,黄岩区,黄岩区上垟乡前思岙村(山地),区域站,中尺度,-         ,0.0,,"山区,CT",R
138,138,K8275,兴安,TURF,255.0.0.0,2839,12058,120.9594,28.65028,1130,1120,16,False,浙江,台州,黄岩区,屿头乡,,黄岩区,黄岩区黄岩屿头乡兴安村(丘陵),区域站,中尺度,-         ,,,CT,
139,139,K8276,董岙,TURF,255.0.0.0,2834,12101,121.0181,28.56167,380,370,16,False,浙江,台州,黄岩区,上垟乡,,黄岩区,黄岩区上垟乡董岙村桔山(水库),区域站,中尺度,-         ,,,CT,
140,140,K8282,宁溪B,PTURF,255.0.0.0,2834,12057,120.9753,28.58167,1520,1510,4,False,浙江,台州,黄岩区,宁溪镇,,黄岩区,黄岩区宁溪镇桥亭居(丘陵),区域站,中尺度,-         ,0.0,SHARED_VER,"山区,CT",RF
141,141,K8283,柑橘所,PTURF,255.0.0.0,2839,12109,121.1564,28.64278,610,600,16,False,浙江,台州,黄岩区,头陀镇,,黄岩区,黄岩区浙江柑橘研究所-前陈村(丘陵),区域站,中尺度,-         ,0.0,SHARED_VER,"山区、柑橘,YN",RF
142,142,K8301,路桥,PTURFNMO,255.0.0.0,2835,12121,121.3503,28.57528,60,50,5,False,浙江,台州,路桥区,路桥街道,,路桥区,路桥区路桥中学操场(平原),区域站,中尺度,-         ,0.0,SHARED_VER,铁路JQG,RF
143,143,K8302,横街,PTURF,255.0.0.0,2832,12127,121.4456,28.52778,60,50,12,False,浙江,台州,路桥区,横街镇,,路桥区,路桥区横街镇九龙村康轩农场(平原),区域站,中尺度,-         ,1.0,SHARED_VER,JQG,RF
144,144,K8303,金清,PTURFV,255.0.0.0,2830,12130,121.4972,28.51583,40,30,16,False,浙江,台州,路桥区,金清镇,,路桥区,路桥区金清分水气象哨(平原),区域站,中尺度,-         ,1.0,SHARED_VER,沿海航线JQG,RF
145,145,K8304,白果,PTURF,255.0.0.0,2829,12137,121.62174,28.48386,780,770,16,False,浙江,台州,路桥区,金清镇,,路桥区,路桥区金清镇白果山岛上(岛屿),区域站,中尺度,-         ,1.0,SHARED_VER,海岛航线,RFH
146,146,K8305,黄琅,PTURF,255.0.0.0,2832,12136,121.5967,28.52611,30,20,16,False,浙江,台州,路桥区,金清镇,,路桥区,路桥区金清黄琅海塘管理处(平原),区域站,中尺度,-         ,1.0,SHARED_VER,沿海,RF
147,147,K8306,桐屿,PTURF,255.0.0.0,2835,12120,121.3344,28.58556,90,80,16,False,浙江,台州,路桥区,桐屿街道,,路桥区,路桥区桐屿小学(平原),区域站,中尺度,-         ,1.0,SHARED_VER,枇杷铁路JQG,RF
148,148,K8307,机场,PTURF,255.0.0.0,2833,12125,121.4222,28.55528,50,40,16,False,浙江,台州,路桥区,路南街道,,路桥区,台州民航站(平原),区域站,中尺度,-         ,1.0,SHARED_VER,JQG,RF
149,149,K8308,新桥,PTURF,255.0.0.0,2830,12124,121.4036,28.51194,50,40,16,False,浙江,台州,路桥区,新桥镇,,路桥区,路桥区新桥镇长泾村(平原),区域站,中尺度,-         ,1.0,SHARED_VER,JQG,RF
150,150,K8309,蓬街,PTURF,255.0.0.0,2833,12128,121.4694,28.55445,60,50,16,False,浙江,台州,路桥区,蓬街镇,,路桥区,路桥区蓬街私立中学(平原),区域站,中尺度,-         ,1.0,SHARED_VER,JQG,RF
151,151,K8310,峰江,PTURF,255.0.0.0,2833,12122,121.3681,28.54861,110,100,16,False,浙江,台州,路桥区,峰江街道,,路桥区,路桥区峰江白枫岙村(平原),区域站,中尺度,-         ,1.0,SHARED_VER,JQG,RF
152,152,K8311,水厂,PTURF,255.0.0.0,2834,12120,121.33,28.56083,110,100,16,False,浙江,台州,路桥区,螺洋街道,,路桥区,路桥区螺洋樟岙水厂(平原),区域站,中尺度,-         ,1.0,SHARED_VER,铁路JQG,RF
153,153,K8312,农垦场,PTURF,255.0.0.0,2830,12135,121.5872,28.50805,60,50,16,False,浙江,台州,路桥区,金清镇,,路桥区,路桥区金清镇台州农垦场(平原),区域站,中尺度,-         ,0.0,,"沿海,高速,GS",RF
154,154,K8313,启明村,PTURF,255.0.0.0,2834,12131,121.51892,28.56807,60,50,16,False,浙江,台州,路桥区,蓬街镇,,路桥区,路桥区蓬街镇沃民社区超藤合作社(平原),区域站,中尺度,-         ,0.0,,沿海，葡萄JQG TZW,RF
155,155,K8314,白果B,PTURF,255.0.0.0,2829,12137,121.6217,28.48389,780,770,32,False,浙江,台州,路桥区,金清镇,,路桥区,路桥区金清镇白果山岛上(岛屿),区域站,中尺度,-         ,0.0,SHARED_VER,海岛,
156,156,K8315,三山,PTURFV,255.0.0.0,2834,12136,121.5944,28.56139,610,600,8,False,浙江,台州,路桥区, 金清镇,,路桥区,路桥区金清镇黄琅三山岛(岛屿),区域站,中尺度,-         ,1.0,,海岛航线TZW,RF
157,157,K8316,鹁鸪嘴,PTURFV,255.0.0.0,2833,12139,121.6422,28.55056,260,250,12,False,浙江,台州,路桥区, 金清镇,,路桥区,路桥区金清镇西廊岛鹁鸪嘴(岛屿),区域站,中尺度,-         ,1.0,,海岛航线,H
158,158,K8317,凉溪,PTURF,255.0.0.0,2837,12118,121.3067,28.61778,260,250,16,False,浙江,台州,路桥区,桐屿街道,,路桥区,路桥区桐屿街道凉溪村(平原),区域站,中尺度,-         ,,,JQG,
159,159,K8318,东风村,PTURFV,255.0.0.0,2834,12119,121.3083,28.56417,60,50,16,False,浙江,台州,路桥区,螺洋街道,,路桥区,路桥区螺洋街道东风村(平原),区域站,中尺度,-         ,,,JQG,
160,160,K8319,三山B,PTURF,255.0.0.0,2834,12136,121.5944,28.56139,610,600,32,False,浙江,台州,路桥区, 金清镇,,路桥区,路桥区金清镇黄琅三山岛(岛屿),区域站,中尺度,-         ,,,,
161,161,K8320,湖屿岛,PTURFV,255.0.0.0,2828,12140,121.6653,28.45833,430,420,16,False,浙江,台州,路桥区, 金清镇,,路桥区,路桥区金清镇湖屿岛(岛屿),区域站,中尺度,-         ,,SHARED_VER,海岛航线,
162,162,K8321,保全小学,PTURF,255.0.0.0,2831,12123,121.3761,28.52889,60,50,16,False,浙江,台州,路桥区,峰江街道,,路桥区,路桥区峰江街道保全小学-李蓍埭村(平原),区域站,中尺度,-         ,,,JQG,
163,163,K8322,路桥高速,TURFVD,255.0.0.0,2833,12132,121.5392,28.55556,60,50,16,False,浙江,台州,路桥区,金清镇,,路桥区,路桥区金清镇沿海高速路桥(平原),区域站,中尺度,-         ,1.0,,"高速,GSJQG",
164,164,K8323,横街小学,PTURF,255.0.0.0,2832,12126,121.4328,28.53583,70,60,16,False,浙江,台州,路桥区,横街镇,,路桥区,路桥区横街镇小学(平原),区域站,中尺度,-         ,0.0,SHARED_VER,JQG,
165,165,K8324,飞龙湖,PTURF,255.0.0.0,2836,12120,121.3358,28.60444,110,100,16,False,浙江,台州,路桥区,桐屿街道,,路桥区,路桥区桐屿街道飞龙湖(平原),区域站,中尺度,-         ,,,JQG,
166,166,K8325,联盟闸,PTURF,255.0.0.0,2831,12133,121.5478,28.52083,40,30,16,False,浙江,台州,路桥区,金清镇,,路桥区,路桥区金清镇联盟村联盟闸(平原),区域站,中尺度,-         ,,,JQG,
167,167,K8326,龙头王村,TR,255.0.0.0,2835,12124,121.3919,28.58139,60,50,16,False,浙江,台州,路桥区,路桥街道,,路桥区,路桥区路桥街道龙头王村(平原),区域站,中尺度,-         ,,,,
168,168,K8327,下陶村,TRF,255.0.0.0,2832,12124,121.3953,28.53639,60,50,16,False,浙江,台州,路桥区,峰江街道,,路桥区,路桥区峰江街道下陶村(平原),区域站,中尺度,-         ,,,,
169,169,K8328,会展中心,TR,255.0.0.0,2836,12122,121.3692,28.5975,60,50,16,False,浙江,台州,路桥区,路北街道,,路桥区,路桥区路北街道五洋社区会展中心(平原),区域站,中尺度,-         ,,,,
170,170,K8329,明珠学校,TURF,255.0.0.0,2831,12131,121.5147,28.52,60,50,16,False,浙江,台州,路桥区,金清镇,,路桥区,路桥区金清镇联红村明珠外国语学校(平原),区域站,中尺度,-         ,,,,
171,171,K8330,北大附中,PTURF,255.0.0.0,2836,12118,121.3047,28.60139,70,60,16,False,浙江,台州,路桥区,桐屿街道,,路桥区,路桥区桐屿街道飞龙湖社区北大附中飞龙湖校区(平原),区域站,中尺度,-         ,,,,
172,172,K8340,上寺前,TR,255.0.0.0,2832,12120,121.3331,28.53889,580,570,16,False,浙江,台州,路桥区,螺洋街道,,,路桥区螺洋街道上寺前村上寺前水库(丘陵),区域站,中尺度,-         ,,,,
173,173,K8341,九琅山,TRF,255.0.0.0,2831,12127,121.4469,28.51472,240,230,16,False,浙江,台州,路桥区,横街镇,,,路桥区横街镇九龙村九琅山(平原),区域站,中尺度,-         ,,,,
174,174,K8401,石桥头,PTURF,255.0.0.0,2821,12128,121.4606,28.34945,96,86,12,False,浙江,台州,温岭市,石桥头镇,,温岭市,温岭市石桥头桥浦村农田(平原),区域站,中尺度,-         ,1.0,SHARED_VER,沿海航线,RFH
175,175,K8402,黄茅山,PTURF,255.0.0.0,2832,12118,121.3078,28.52972,2110,2100,16,False,浙江,台州,温岭市,泽国镇,,温岭市,温岭市泽国镇黄茅山村山顶(丘陵),区域站,中尺度,-         ,0.0,SHARED_VER,JQG,RF
176,176,K8403,大溪,PTURF,255.0.0.0,2829,12114,121.2411,28.49111,120,110,8,False,浙江,台州,温岭市,大溪镇,,温岭市,温岭市大溪太湖水库-太湖山村(平原),区域站,中尺度,-         ,1.0,SHARED_VER,高速JQG,RF
177,177,K8404,松门,PTURF,255.0.0.0,2822,12134,121.5664,28.37111,30,20,16,False,浙江,台州,温岭市,松门镇,,温岭市,温岭市松门川北小学(平原),区域站,中尺度,-         ,0.0,SHARED_VER,沿海JQG,RFH
178,178,K8405,坞根,PTURF,255.0.0.0,2819,12116,121.2611,28.32472,66,56,12,False,浙江,台州,温岭市,坞根镇,,温岭市,温岭市坞根中学西山下村(平原),区域站,中尺度,-         ,0.0,SHARED_VER,,RF
179,179,K8406,横峰,PTURF,255.0.0.0,2827,12120,121.3258,28.4475,60,50,16,False,浙江,台州,温岭市,横峰街道,,温岭市,温岭市横峰泵站-石刺头村(平原),区域站,中尺度,-         ,1.0,SHARED_VER,JQG,RF
180,180,K8407,石塘渔港,PTURFV,255.0.0.0,2815,12136,121.6039,28.24639,260,250,16,False,浙江,台州,温岭市,石塘镇,,温岭市,温岭市石塘镇台风地标西侧(岛屿),区域站,中尺度,-         ,1.0,SHARED_VER,沿海,
181,181,K8408,新河,PTURF,255.0.0.0,2829,12128,121.4594,28.47806,80,70,8,False,浙江,台州,温岭市,新河镇,,温岭市,温岭市新河中学-城东村(平原),区域站,中尺度,-         ,0.0,SHARED_VER,JQG,
182,182,K8409,东海塘,PTURFV,255.0.0.0,2825,12136,121.6081,28.42222,80,70,16,False,浙江,台州,温岭市,箬横镇,,温岭市,温岭市箬横镇东海围塘-东部新区管委会(平原),区域站,中尺度,-         ,1.0,SHARED_VER,沿海航线,RFH
183,183,K8410,岙环,PTURF,255.0.0.0,2817,12124,121.3994,28.28611,330,320,16,False,浙江,台州,温岭市,城南镇,,温岭市,温岭市城南镇岙环(丘陵),区域站,中尺度,-         ,0.0,SHARED_VER,沿海、高橙,RF
184,184,K8411,温峤,PTURF,255.0.0.0,2823,12118,121.3003,28.38389,280,270,16,False,浙江,台州,温岭市,温峤镇,,温岭市,温岭市温峤镇敬老院-上街村(丘陵),区域站,中尺度,-         ,0.0,SHARED_VER,JQG,
185,185,K8412,箬横,PTURF,255.0.0.0,2824,12131,121.5228,28.39889,60,50,12,False,浙江,台州,温岭市,箬横镇,,温岭市,温岭市箬横镇中学-解放村 (平原),区域站,中尺度,-         ,1.0,SHARED_VER,"西瓜航线,高速JQG",RF
186,186,K8413,滨海,PTURFV,255.0.0.0,2827,12134,121.5589,28.45056,60,50,4,False,浙江,台州,温岭市,滨海镇,,温岭市,温岭市滨海镇东片农场(平原),区域站,中尺度,-         ,0.0,SHARED_VER,"沿海,西瓜,高速JQG",RFH
187,187,K8414,太湖山,PTURF,255.0.0.0,2830,12112,121.2019,28.49917,4080,4070,16,False,浙江,台州,温岭市,大溪镇,,温岭市,温岭市大溪太湖山仰天湖-太湖山村(丘陵),区域站,中尺度,-         ,0.0,SHARED_VER,高山JQG,RFH
188,188,K8415,九洞门,PTURF,255.0.0.0,2825,12140,121.6617,28.4125,560,550,8,False,浙江,台州,温岭市,松门镇,,温岭市,温岭市松门镇横门村九洞门(海岛),区域站,中尺度,-         ,1.0,SHARED_VER,海岛航线,
189,189,K8416,花芯,PTURF,255.0.0.0,2825,12127,121.4511,28.41556,1860,1850,16,False,浙江,台州,温岭市,箬横镇,,温岭市,温岭市箬横镇花芯村花芯水库(丘陵),区域站,中尺度,-         ,0.0,SHARED_VER,山区JQG,RF
190,190,K8417,方山,PTURF,255.0.0.0,2825,12115,121.2528,28.42056,4650,4640,12,False,浙江,台州,温岭市,大溪镇,,温岭市,温岭市大溪镇方山顶(丘陵),区域站,中尺度,-         ,1.0,SHARED_VER,高山JQG,
191,191,K8418,三蒜B,PTURF,255.0.0.0,2814,12138,121.6356,28.22111,960,950,32,False,浙江,台州,温岭市,石塘镇,,温岭市,温岭市石塘镇三蒜岛(ZQZ-F3.2.1),区域站,中尺度,-         ,1.0,,海岛航线,RFH
192,192,K8419,实践基地,PTURF,255.0.0.0,2820,12137,121.6189,28.32583,100,90,12,False,浙江,台州,温岭市,松门镇,,温岭市,温岭市松门镇实践基地(平原),区域站,中尺度,-         ,0.0,,沿海航线,
193,193,K8420,岭脚村,PTURF,255.0.0.0,2822,12117,121.2825,28.36194,470,460,16,False,浙江,台州,温岭市,温峤镇,,温岭市,温岭市温峤镇岭脚村(丘陵),区域站,中尺度,-         ,0.0,,山区,RF
194,194,K8421,山后村,PTURF,255.0.0.0,2819,12120,121.3311,28.32944,470,460,16,False,浙江,台州,温岭市,城南镇,,温岭市,温岭市城南镇山后村(丘陵),区域站,中尺度,-         ,0.0,,山区,RF
195,195,K8422,火车站,PTURF,255.0.0.0,2829,12119,121.3236,28.48222,100,90,16,False,浙江,台州,温岭市,大溪镇,,温岭市,温岭火车站(温岭市大溪镇利岙村)(平原),区域站,中尺度,-         ,0.0,,JQG,RF
196,196,K8423,城东,PTURF,255.0.0.0,2825,12123,121.3767,28.41195,60,50,16,False,浙江,台州,温岭市,城东街道,,温岭市,温岭市城东街道城东小学-润景花园(平原),区域站,中尺度,-         ,,,JQG,
197,197,K8424,城北,PTURF,255.0.0.0,2827,12124,121.3997,28.45722,350,340,16,False,浙江,台州,温岭市,城北街道,,温岭市,温岭市城北街道六份村(平原),区域站,中尺度,-         ,,,JQG,RF
198,198,K8425,三蒜,PTURFV,255.0.0.0,2814,12138,121.6356,28.23111,960,950,12,False,浙江,台州,温岭市,石塘镇,,温岭市,温岭市石塘镇三蒜岛(岛屿),区域站,中尺度,-         ,1.0,,海岛航线,RFH
199,199,K8426,粮食功能区,PTURF,255.0.0.0,2825,12134,121.5644,28.41111,70,60,16,False,浙江,台州,温岭市,箬横镇,,温岭市,温岭市箬横镇红升村(平原),区域站,中尺度,-         ,0.0,SHARED_VER,西JQG,RFH
200,200,K8427,大溪高速,PTURFV,255.0.0.0,2828,12116,121.2619,28.46889,60,50,16,False,浙江,台州,温岭市,大溪镇,,温岭市,温岭市大溪高速路口(平原),区域站,中尺度,-         ,1.0,,"高速,GSJQG",
201,201,K8429,泽国,PTURF,255.0.0.0,2829,12123,121.3794,28.48944,110,100,16,False,浙江,台州,温岭市,泽国镇,,温岭市,温岭市泽国镇万塘村(平原),区域站,中尺度,-         ,0.0,SHARED_VER,甘蔗铁路JQG,
202,202,K8430,城西,PTURF,255.0.0.0,2823,12122,121.3681,28.39,250,240,16,False,浙江,台州,温岭市,城西街道,,温岭市,温岭市城西街道九龙学校(平原),区域站,中尺度,-         ,,,JQG,RF
203,203,K8441,泽国二小,PTURF,255.0.0.0,2830,12120,121.3361,28.49694,60,50,16,False,浙江,台州,温岭市,泽国镇,,温岭市,温岭市泽国镇二小(平原),区域站,中尺度,-         ,,,JQG,
204,204,K8442,长屿,PTURF,255.0.0.0,2826,12126,121.4358,28.43611,310,300,12,False,浙江,台州,温岭市,新河镇,,温岭市,温岭市新河镇长屿硐天(丘陵),区域站,中尺度,-         ,1.0,,JQG,
205,205,K8443,高桥小学,PTURF,255.0.0.0,2829,12126,121.4331,28.48944,110,100,16,False,浙江,台州,温岭市,新河镇,,温岭市,温岭市新河镇高桥小学(平原),区域站,中尺度,-         ,,,JQG,RF
206,206,K8444,东浦,PTURF,255.0.0.0,2821,12130,121.4997,28.345,110,100,16,False,浙江,台州,温岭市,箬横镇,,温岭市,温岭市箬横镇东浦农场(平原),区域站,中尺度,-         ,,,高速,
207,207,K8445,北港,PTURF,255.0.0.0,2826,12139,121.6581,28.43167,670,660,16,False,浙江,台州,温岭市,松门镇,,温岭市,温岭市松门镇龙门北港(岛屿),区域站,中尺度,-         ,,,,
208,208,K8446,城南小学,PTURF,255.0.0.0,2820,12124,121.4075,28.325,310,300,16,False,浙江,台州,温岭市,城南镇,,温岭市,温岭市城南镇城南小学(平原),区域站,中尺度,-         ,,,,
209,209,K8447,温岭南,PTURFV,255.0.0.0,2820,12128,121.4594,28.32778,110,100,16,False,浙江,台州,温岭市,城南镇,,温岭市,温岭市城南镇沿海高速(平原),区域站,中尺度,-         ,,,"高速,GS",
210,210,K8448,隔海岛,PTURF,255.0.0.0,2818,12139,121.6469,28.30389,210,200,16,False,浙江,台州,温岭市,石塘镇,,温岭市,温岭市石塘镇隔海村(岛屿),区域站,中尺度,-         ,,,,
211,211,K8460,潘郎小学,PTURF,255.0.0.0,2827,12118,121.3058,28.45389,110,100,16,False,浙江,台州,温岭市,大溪镇,,温岭市,温岭市大溪镇潘郎小学(平原),区域站,中尺度,-         ,,,JQG,
212,212,K8461,犁头咀,PTURF,255.0.0.0,2816,12126,121.4369,28.26556,310,300,16,False,浙江,台州,温岭市,城南镇,,温岭市,温岭市城南镇犁头咀(岛屿),区域站,中尺度,-         ,,,,
213,213,K8462,伍佰屿,PTURF,255.0.0.0,2829,12137,121.6092,28.47694,60,50,16,False,浙江,台州,温岭市,滨海镇,,温岭市,温岭市滨海镇伍佰屿(岛屿),区域站,中尺度,-         ,,,,
214,214,K8463,温岭中学,PTURF,255.0.0.0,2822,12124,121.3969,28.37472,70,60,16,False,浙江,台州,温岭市,太平街道,,温岭市,温岭中学(平原),区域站,中尺度,-         ,,,JQG,
215,215,K8464,滨海中学,PTURF,255.0.0.0,2828,12131,121.5203,28.46833,110,100,16,False,浙江,台州,温岭市,滨海镇,,温岭市,温岭市滨海镇中学(平原),区域站,中尺度,-         ,,,JQG,
216,216,K8465,长屿小学,TURF,255.0.0.0,2827,12126,121.4406,28.45111,70,60,16,False,浙江,台州,温岭市,新河镇,,温岭市,温岭市新河镇长屿小学(平原),区域站,中尺度,-         ,,,JQG,
217,217,K8466,青屿校区,PTURFV,255.0.0.0,2822,12115,121.2439,28.36361,310,300,16,False,浙江,台州,温岭市,温峤镇,,温岭市,温岭市温峤镇青屿校区(平原),区域站,中尺度,-         ,,,,
218,218,K8467,毛竹下,TR,255.0.0.0,2826,12115,121.2553,28.43833,420,410,16,False,浙江,台州,温岭市,大溪镇,,温岭市,温岭市大溪镇方山村毛竹下(丘陵),区域站,中尺度,-         ,,,,
219,219,K8468,上洋工业区,TR,255.0.0.0,2826,12115,121.2506,28.43278,430,420,16,False,浙江,台州,温岭市,大溪镇,,温岭市,温岭市大溪镇方山村上洋工业区(丘陵),区域站,中尺度,-         ,,,,
220,220,K8469,双溪村,TR,255.0.0.0,2827,12115,121.2419,28.45528,260,250,16,False,浙江,台州,温岭市,大溪镇,,温岭市,温岭市大溪镇双溪村(丘陵),区域站,中尺度,-         ,,,,
221,221,K8470,翁岙村,TR,255.0.0.0,2831,12118,121.2917,28.51611,380,370,16,False,浙江,台州,温岭市,大溪镇,,温岭市,温岭市大溪镇翁岙村(丘陵),区域站,中尺度,-         ,,,,
222,222,K8471,金路村,TR,255.0.0.0,2828,12125,121.4111,28.45861,230,220,16,False,浙江,台州,温岭市,新河镇,,温岭市,温岭市新河镇金路村(平原),区域站,中尺度,-         ,,,,
223,223,K8472,楼岙村,TR,255.0.0.0,2827,12125,121.4231,28.44889,240,230,16,False,浙江,台州,温岭市,新河镇,,温岭市,温岭市新河镇楼岙村(平原),区域站,中尺度,-         ,,,,
224,224,K8473,屿头村,TR,255.0.0.0,2827,12126,121.4375,28.44667,260,250,16,False,浙江,台州,温岭市,新河镇,,温岭市,温岭市新河镇屿头村(平原),区域站,中尺度,-         ,,,,
225,225,K8474,长屿村,TR,255.0.0.0,2827,12127,121.4456,28.44667,270,260,16,False,浙江,台州,温岭市,新河镇,,温岭市,温岭市新河镇长屿村(平原),区域站,中尺度,-         ,,,,
226,226,K8475,下呈村,TR,255.0.0.0,2818,12115,121.2569,28.30278,360,350,16,False,浙江,台州,温岭市,坞根镇,,温岭市,温岭市坞根镇下呈村(平原),区域站,中尺度,-         ,,,,
227,227,K8476,东门村,TR,255.0.0.0,2820,12113,121.2178,28.33389,190,180,16,False,浙江,台州,温岭市,坞根镇,,温岭市,温岭市坞根镇东门村(平原),区域站,中尺度,-         ,,,,
228,228,K8477,紫荆校区,PTURF,255.0.0.0,2824,12137,121.6108,28.405,40,30,16,False,浙江,台州,温岭市,箬横镇,,温岭市,温岭市箬横镇(东部新区)太平小学紫荆校区(平原),区域站,中尺度,-         ,,,,
229,229,K8490,犁头咀B,PTURF,255.0.0.0,2816,12126,121.4369,28.26556,310,300,32,False,浙江,台州,温岭市,城南镇,,温岭市,温岭市城南镇犁头咀(ZQZ-B),区域站,中尺度,-         ,,,,
230,230,K8491,方山B,PTURF,255.0.0.0,2825,12115,121.2428,28.42056,4650,4640,32,False,浙江,台州,温岭市,大溪镇,,温岭市,温岭市大溪镇方山顶(丘陵),区域站,中尺度,-         ,0.0,SHARED_VER,高山JQG,
231,231,K8501,清港,TURF,255.0.0.0,2815,12117,121.2867,28.25694,190,180,16,False,浙江,台州,玉环市,清港镇,,玉环市,玉环市清港镇小学(平原),区域站,中尺度,-         ,0.0,SHARED_VER,文旦,R
232,232,K8502,干江,PTURFV,255.0.0.0,2810,12122,121.3717,28.16639,1460,1450,16,False,浙江,台州,玉环市,干江镇,,玉环市,玉环市干江镇白马岙村小山头(丘陵),区域站,中尺度,-         ,1.0,SHARED_VER,沿海航线,RF
233,233,K8503,沙门,PTURF,255.0.0.0,2815,12123,121.3803,28.24389,190,180,8,False,浙江,台州,玉环市,沙门镇,,玉环市,玉环市沙门镇小学(平原),区域站,中尺度,-         ,1.0,SHARED_VER,"沿海航线,高速",RF
234,234,K8504,海山,PTURFVE,255.0.0.0,2813,12109,121.1575,28.21,30,20,8,False,浙江,台州,玉环市,海山乡,,玉环市,玉环市海山乡潮汐发电站(岛屿),区域站,中尺度,-         ,1.0,SHARED_VER,"海岛航线,高速",RF
235,235,K8505,玉城,PTURF,255.0.0.0,2808,12114,121.2369,28.12556,70,60,5,False,浙江,台州,玉环市,玉城街道,,玉环市,玉环水文站(平原),区域站,中尺度,-         ,0.0,SHARED_VER,,RF
236,236,K8506,大鹿岛,TURF,255.0.0.0,2806,12124,121.4039,28.09222,310,300,16,False,浙江,台州,玉环市,鸡山乡,,玉环市,玉环市大鹿岛(岛屿),区域站,中尺度,-         ,0.0,SHARED_VER,海岛,
237,237,K8507,鲜迭,PTURF,255.0.0.0,2806,12112,121.2042,28.09167,2810,2800,16,False,浙江,台州,玉环市,大麦屿街道,,玉环市,玉环市鲜迭工作站(丘陵),区域站,中尺度,-         ,0.0,SHARED_VER,沿海,RF
238,238,K8508,披山B,PTURFV,255.0.0.0,2807,12131,121.52,28.08583,1220,1210,32,False,浙江,台州,玉环市,鸡山乡,,玉环市,玉环市鸡山乡披山村岛上(岛屿),区域站,中尺度,-         ,1.0,SHARED_VER,海岛航线,
239,239,K8509,海事处,PTURF,255.0.0.0,2805,12109,121.1528,28.08833,190,180,64,False,浙江,台州,玉环市,大麦屿街道,,玉环市,玉环市海事处(平原),区域站,中尺度,-         ,0.0,SHARED_VER,沿海,
240,240,K8510,花岩浦,PTURFV,255.0.0.0,2812,12119,121.3092,28.19611,490,480,16,False,浙江,台州,玉环市,龙溪乡,,玉环市,玉环市龙溪乡花岩浦村(丘陵),区域站,中尺度,-         ,1.0,SHARED_VER,沿海航线,RF
241,241,K8511,芦浦,TURF,255.0.0.0,2812,12114,121.2414,28.19833,990,980,12,False,浙江,台州,玉环市,芦浦镇,,玉环市,玉环市芦浦镇后山(丘陵),区域站,中尺度,-         ,0.0,SHARED_VER,"沿海航线,高速",RF
242,242,K8512,楚门,PTURF,255.0.0.0,2813,12118,121.3014,28.21694,260,250,16,False,浙江,台州,玉环市,楚门镇,,玉环市,玉环市楚门中学(平原),区域站,中尺度,-         ,0.0,SHARED_VER,文旦,R
243,243,K8513,鸡山,PTURFV,255.0.0.0,2806,12122,121.36417,28.10611,600,590,12,False,浙江,台州,玉环市,鸡山乡,,玉环市,玉环市鸡山乡南山村(岛屿),区域站,中尺度,-         ,1.0,SHARED_VER,海岛航线,RF
244,244,K8515,文旦基地,TURFE,255.0.0.0,2817,12115,121.2453,28.27833,50,40,16,False,浙江,台州,玉环县,清港镇,,玉环县,玉环清港苔山塘农场(平原),区域站,中尺度,-         ,0.0,,文旦,
245,245,K8517,大麦屿,PTURF,255.0.0.0,2806,12108,121.1358,28.10306,190,180,12,False,浙江,台州,玉环市,大麦屿街道,,玉环市,玉环市大麦屿小山头(平原),区域站,中尺度,-         ,,,沿海航线,RF
246,246,K8518,龙溪樱桃 ,TURFQ,255.0.0.0,2813,12120,121.3333,28.22667,270,260,16,False,浙江,台州,玉环市,龙溪乡,,玉环市,玉环市龙溪乡樱桃生产基地(平原),区域站,中尺度,-         ,,,樱桃,
247,247,K8520,漩门二期,TURFE,255.0.0.0,2815,12115,121.2539,28.24806,30,20,16,False,浙江,台州,玉环市,清港镇,,玉环市,玉环市清港镇农业观光园区(平原),区域站,中尺度,-         ,,,,
248,248,K8521,大雷山,TURF,255.0.0.0,2819,12121,121.3458,28.31528,3330,3320,12,False,浙江,台州,玉环市,清港镇,,玉环市,玉环市清港镇大雷山顶(山地),区域站,中尺度,-         ,1.0,,,RF
249,249,K8522,分水山,TURFVD,255.0.0.0,2812,12113,121.2103,28.195,50,40,16,False,浙江,台州,玉环县,芦浦镇,,玉环县,玉环市芦浦镇分水山(交通站)(平原),区域站,中尺度,-         ,1.0,,"高速,GS",
250,250,K8526,玉环轮渡,TUF,255.0.0.0,2808,12108,121.1333,28.1333,70,70,32,False,浙江,台州,玉环市,,,玉环市,玉环轮渡码头,区域站,中尺度,-         ,0.0,,,
251,251,K8527,雕鹰山,PTURF,255.0.0.0,2807,12112,121.1981,28.11917,2390,2380,16,False,浙江,台州,玉环市,大麦屿街道,,玉环市,玉环大麦屿街道仰天湖村(山地),区域站,中尺度,-         ,1.0,,,
252,252,K8528,乐清二桥,FVD,255.0.0.0,2815,12108,121.1392,28.2425,410,400,16,False,浙江,台州,玉环市,海山乡,,玉环市,玉环市乐清湾二桥上(交通服务)(海洋),区域站,中尺度,-         ,0.0,,"沿海高速,GS",
253,253,K8530,吊船湾,PTURFVD,255.0.0.0,2813,12123,121.3753,28.22222,40,30,16,False,浙江,台州,玉环市,沙门镇,,玉环市,玉环市沙门镇大沙湾村吊船湾(交通服务),区域站,中尺度,-         ,0.0,,"沿海高速,GS",
254,254,K8540,花岩浦B,PTURFV,255.0.0.0,2812,12119,121.3092,28.19611,490,480,32,False,浙江,台州,玉环市,龙溪乡,,玉环市,玉环市龙溪乡花岩浦村(丘陵),区域站,中尺度,-         ,1.0,SHARED_VER,沿海航线,
255,255,K8541,干江B,PTURF,255.0.0.0,2809,12122,121.3717,28.16639,1460,1450,32,False,浙江,台州,玉环市,干江镇,,玉环市,玉环市干江镇白马岙村小山头(丘陵),区域站,中尺度,-         ,1.0,SHARED_VER,沿海航线,
256,256,K8542,文旦基地B,TURF,255.0.0.0,2817,12115,121.2453,28.27833,50,40,32,False,浙江,台州,玉环县,清港镇,,玉环县,玉环清港苔山塘农场(平原),区域站,中尺度,-         ,0.0,,文旦,
257,257,K8543,漩门二期0,TURFW,255.0.0.0,2815,12115,121.2539,28.24806,30,20,32,False,浙江,台州,玉环市,清港镇,,玉环市,玉环市清港镇农业观光园区(K8520)(平原),区域站,中尺度,-         ,,,,
258,258,K8544,大圆头,PTURF,255.0.0.0,2815,12125,121.4161,28.24195,1410,1400,16,False,浙江,台州,玉环市,沙门镇,,玉环市,玉环市沙门镇南山村大圆头山顶(丘陵),区域站,中尺度,-         ,,,,
259,259,K8545,大岩头,PTURF,255.0.0.0,2803,12110,121.1631,28.04667,2370,2360,16,False,浙江,台州,玉环市,大麦屿街道,,玉环市,玉环市大麦屿街道龙湾村大岩头山上(丘陵),区域站,中尺度,-         ,,,,
260,260,K8546,中鹿岛,PTURF,255.0.0.0,2803,12125,121.4106,28.05694,910,900,16,False,浙江,台州,玉环市,鸡山乡,,玉环市,玉环市鸡山乡中鹿岛(岛屿),区域站,中尺度,-         ,,,,
261,261,K8547,双龙村,TR,255.0.0.0,2806,12115,121.255,28.1,590,580,16,False,浙江,台州,玉环市,坎门街道,,玉环市,玉环市坎门街道双龙村茶山公园(丘陵),区域站,中尺度,-         ,,,,
262,262,K8548,垟岭村,TR,255.0.0.0,2811,12121,121.3475,28.18861,1590,1580,16,False,浙江,台州,玉环市,干江镇,,玉环市,玉环市干江镇垟岭水库(丘陵),区域站,中尺度,-         ,,,,
263,263,K8549,江岩,PTURF,255.0.0.0,2810,12109,121.1492,28.17333,1370,1360,16,False,浙江,台州,玉环市,玉城街道,,玉环市,玉环市玉城街道江岩村北塘岗头(岛屿),区域站,中尺度,-         ,,,,
264,264,K8550,黄门,PTURF,255.0.0.0,2804,12114,121.2361,28.07,1700,1690,16,False,浙江,台州,玉环市,坎门街道,,玉环市,玉环市坎门街道黄门村(岛屿),区域站,中尺度,-         ,,,,
265,265,K8556,苔山塘,PTURF,255.0.0.0,2816,12115,121.2564,28.27417,140,130,16,False,浙江,台州,玉环市,清港镇,,玉环市,玉环市清港镇苔山塘文旦基地二大队(岛屿),区域站,中尺度,-         ,,,,
266,266,K8580,吊船湾B,PTURFVD,255.0.0.0,2813,12123,121.3753,28.22222,40,30,32,False,浙江,台州,玉环市,沙门镇,,玉环市,玉环市沙门镇吊船湾高速公路旁(交通服务)(平原),区域站,中尺度,-         ,0.0,,"沿海高速,GS",
267,267,K8581,大雷山B,TURF,255.0.0.0,2819,12121,121.3458,28.31528,3330,3320,32,False,浙江,台州,玉环市,清港镇,,玉环市,玉环市清港镇大雷山顶(山地),区域站,中尺度,-         ,,,,
268,268,K8582,鸡山B,TURF,255.0.0.0,2806,12122,121.36417,28.10611,600,590,32,False,浙江,台州,玉环市,鸡山乡,,玉环市,玉环市鸡山乡南山村(岛屿),区域站,中尺度,-         ,0.0,,,
269,269,K8583,玉城B,PTURFW,255.0.0.0,2808,12114,121.2369,28.10556,70,60,32,False,浙江,台州,玉环市,玉城街道,,玉环市,玉环水文站(平原),区域站,中尺度,-         ,0.0,,,
270,270,K8584,芦浦B,TURF,255.0.0.0,2812,12114,121.2414,28.19833,990,980,32,False,浙江,台州,玉环市,芦浦镇,,玉环市,玉环市芦浦镇后山(丘陵),区域站,中尺度,-         ,0.0,,,
271,271,K8585,鲜迭B,PTURF,255.0.0.0,2806,12112,121.2042,28.09167,2810,2800,32,False,浙江,台州,玉环市,大麦屿街道,,玉环市,玉环市鲜迭工作站(丘陵),区域站,中尺度,-         ,,,,
272,272,K8586,海山B,PTURFV,255.0.0.0,2813,12109,121.1575,28.21,30,20,32,False,浙江,台州,玉环市,海山乡,,玉环市,玉环市海山乡潮汐发电站(岛屿),区域站,中尺度,-         ,1.0,SHARED_VER,,
273,273,K8587,披山D,PTURFV,255.0.0.0,2807,12131,121.52,28.08583,1220,1210,32,False,浙江,台州,玉环市,鸡山乡,,玉环市,玉环市鸡山乡披山岛(岛屿),区域站,中尺度,-         ,0.0,,,
274,274,K8588,大鹿岛B,TURF,255.0.0.0,2806,12124,121.4039,28.09222,310,300,32,False,浙江,台州,玉环市,鸡山乡,,玉环市,玉环市大鹿岛(岛屿),区域站,中尺度,-         ,0.0,SHARED_VER,,
275,275,K8589,乐清二桥B,FVD,255.0.0.0,2815,12108,121.1392,28.2425,410,400,32,False,浙江,台州,玉环市,海山乡,,玉环市,玉环市乐清湾二桥上(交通服务)(海洋),区域站,中尺度,-         ,0.0,,,
276,276,K8590,沙门B,PTURF,255.0.0.0,2815,12123,121.3803,28.24389,190,180,32,False,浙江,台州,玉环市,沙门镇,,玉环市,玉环市沙门镇小学(平原),区域站,中尺度,-         ,1.0,SHARED_VER,"沿海航线,高速",
277,277,K8591,披山C,PTURFV,255.0.0.0,2807,12131,121.52,28.08583,1220,1210,32,False,浙江,台州,玉环市,鸡山乡,,玉环市,玉环市鸡山乡披山岛(岛屿),区域站,中尺度,-         ,0.0,,,
278,278,K8593,雕鹰山B,PTURF,255.0.0.0,2807,12112,121.1981,28.11917,2390,2380,32,False,浙江,台州,玉环市,大麦屿街道,,玉环市,玉环市大麦屿街道仰天湖村(山地),区域站,中尺度,-         ,,,,
279,279,K8594,中鹿岛B,PTURF,255.0.0.0,2803,12125,121.4106,28.05694,910,900,32,False,浙江,台州,玉环市,鸡山乡,,玉环市,玉环市鸡山乡中鹿岛(岛屿),区域站,中尺度,-         ,,,,
280,280,K8595,分水山B,TURFVD,255.0.0.0,2812,12113,121.2103,28.195,50,40,32,False,浙江,台州,玉环县,芦浦镇,,玉环县,玉环市芦浦镇分水山(交通站)(平原),区域站,中尺度,-         ,1.0,,"高速,GS",
281,281,K8596,江岩B,PTURF,255.0.0.0,2810,12109,121.1492,28.17333,1370,1360,32,False,浙江,台州,玉环市,玉城街道,,玉环市,玉环市玉城街道江岩村北塘岗头(岛屿),区域站,中尺度,-         ,,,,
282,282,K8597,鸡山B,PTURFV,255.0.0.0,2806,12122,121.36417,28.10611,600,590,32,False,浙江,台州,玉环市,鸡山乡,,玉环市,玉环市鸡山乡南山村(岛屿),区域站,中尺度,-         ,1.0,SHARED_VER,海岛航线,RF
283,283,K8601,杜桥,PTURF,255.0.0.0,2846,12129,121.4869,28.76667,80,70,8,False,浙江,台州,临海市,杜桥镇,,临海市,临海市杜桥镇政府-前王村(平原),区域站,中尺度,-         ,1.0,SHARED_VER,高速,RF
284,284,K8602,涌泉,TRF,255.0.0.0,2845,12119,121.3186,28.75694,90,80,8,False,浙江,台州,临海市,涌泉镇,,临海市,临海市涌泉中学-西翁村(平原),区域站,中尺度,-         ,1.0,SHARED_VER,柑橘高速,RF
285,285,K8603,白水洋,PTURF,255.0.0.0,2854,12054,120.9047,28.89917,420,410,16,False,浙江,台州,临海市,白水洋镇,,临海市,临海市白水洋镇政府-白水洋村(平原),区域站,中尺度,-         ,1.0,SHARED_VER,"杨梅高速,YA",RF
286,286,K8604,东塍,PUTRF,255.0.0.0,2856,12116,121.2622,28.92889,400,390,12,False,浙江,台州,临海市,东塍镇,,临海市,临海市东塍镇政府-下街村(平原),区域站,中尺度,-         ,0.0,SHARED_VER,"高速铁路,DT",RF
287,287,K8605,河头,PUTRF,255.0.0.0,2900,12107,121.1142,29.00056,480,470,8,False,浙江,台州,临海市,河头镇,,临海市,临海市河头中学-前山三村(丘陵),区域站,中尺度,-         ,1.0,SHARED_VER,"葡萄,SF",
288,288,K8606,尤溪,PTURF,255.0.0.0,2845,12106,121.1011,28.7425,180,170,12,False,浙江,台州,临海市,尤溪镇,,临海市,临海市尤溪镇中心小学-花联村(丘陵),区域站,中尺度,-         ,1.0,SHARED_VER,,RF
289,289,K8607,汛桥,PTURF,255.0.0.0,2848,12110,121.1706,28.795,120,110,8,False,浙江,台州,临海市,汛桥镇,,临海市,临海市汛桥镇政府-汛桥村(平原),区域站,中尺度,-         ,0.0,SHARED_VER,铁路,RF
290,290,K8608,牛头山,TRF,255.0.0.0,2850,12116,121.2647,28.84,150,140,16,False,浙江,台州,临海市,邵家渡街道,,临海市,临海市牛头山水库大坝下(丘陵),区域站,中尺度,-         ,0.0,SHARED_VER,NTS,RF
291,291,K8609,小芝,PTURF,255.0.0.0,2851,12127,121.4519,28.85222,830,820,4,False,浙江,台州,临海市,小芝镇,,临海市,临海市小芝镇中心小学-小芝村(丘陵),区域站,中尺度,-         ,1.0,SHARED_VER,NTS,RF
292,292,K8610,南门坑,PTRF,255.0.0.0,2850,12140,121.6631,28.83722,140,130,8,False,浙江,台州,临海市,桃渚镇,,临海市,临海市桃渚南门坑风景区(岛屿),区域站,中尺度,-         ,1.0,SHARED_VER,沿海航线,RF
293,293,K8611,白沙,PTURFV,255.0.0.0,2843,12138,121.6378,28.71278,380,370,4,False,浙江,台州,临海市,上盘镇,,临海市,临海市上盘镇白沙村(岛屿),区域站,中尺度,-         ,1.0,SHARED_VER,沿海航线,RF
294,294,K8612,黄家寮,TR,255.0.0.0,2845,12058,120.9744,28.74833,5830,5820,12,False,浙江,台州,临海市, 括苍镇,,临海市,临海市车口溪水电站(山地),区域站,中尺度,-         ,1.0,SHARED_VER,"高山,YA",
295,295,K8613,外蔡,TR,255.0.0.0,2853,12122,121.3731,28.87944,600,590,16,False,浙江,台州,临海市,邵家渡街道,,临海市,临海市牛头山水库上游(丘陵),区域站,中尺度,-         ,0.0,SHARED_VER,"山区,NTS",
296,296,K8614,汇溪,PTURF,255.0.0.0,2857,12113,121.2133,28.95778,240,230,16,False,浙江,台州,临海市,汇溪镇,,临海市,临海市汇溪镇浚头村(丘陵),区域站,中尺度,-         ,1.0,SHARED_VER,"高速铁路,DT",RF
297,297,K8615,江南,PTURF,255.0.0.0,2847,12107,121.1206,28.79444,120,110,16,False,浙江,台州,临海市,江南街道,,临海市,临海市江南中学-小溪村(平原),区域站,中尺度,-         ,0.0,SHARED_VER,高速,RF
298,298,K8616,沿江,PTURF,255.0.0.0,2845,12114,121.2358,28.74611,100,90,12,False,浙江,台州,临海市,沿江镇,,临海市,临海市沿江镇水洋村(平原),区域站,中尺度,-         ,0.0,SHARED_VER,高速铁路,RF
299,299,K8617,大田,PTURF,255.0.0.0,2854,12112,121.2022,28.90444,90,80,16,False,浙江,台州,临海市,大田镇,,临海市,临海市大田镇下街头村(平原),区域站,中尺度,-         ,0.0,SHARED_VER,"高速,DT",RF
300,300,K8618,永丰,PTURF,255.0.0.0,2852,12101,121.0231,28.87278,140,130,16,False,浙江,台州,临海市,永丰镇,,临海市,临海市永丰镇下塘园(平原),区域站,中尺度,-         ,0.0,SHARED_VER,"高速,SF",
301,301,K8619,羊岩山,PTURF,255.0.0.0,2859,12109,121.1494,28.97889,6160,6150,12,False,浙江,台州,临海市,河头镇,,临海市,临海市河头镇羊岩山茶场(山地),区域站,中尺度,-         ,1.0,,"高山、茶叶,SF",R
302,302,K8620,桃渚镇,PTURF,255.0.0.0,2849,12135,121.5797,28.80861,190,180,12,False,浙江,台州,临海市,桃渚镇,,临海市,临海市桃渚镇屯峙村(平原),区域站,中尺度,-         ,0.0,,高速,RF
303,303,K8621,医化园区,TRF,255.0.0.0,2842,12133,121.5456,28.69306,160,150,16,False,浙江,台州,临海市,杜桥镇,,临海市,临海市杜桥镇医化园区(平原),区域站,中尺度,-         ,0.0,,沿海,
304,304,K8622,两桥村,PTURF,255.0.0.0,2852,12105,121.0797,28.87167,120,110,12,False,浙江,台州,临海市,古城街道,,临海市,临海市古城街道两桥村(平原),区域站,中尺度,-         ,1.0,,高速,RF
305,305,K8623,安桥,PUTRF,255.0.0.0,2859,12055,120.9153,28.98,840,830,16,False,浙江,台州,临海市,白水洋镇,,临海市,临海市白水洋镇双港(丘陵),区域站,中尺度,-         ,,,"山区,YA",RF
306,306,K8624,里梅,TRF,255.0.0.0,2901,12100,120.9958,29.01528,1810,1800,16,False,浙江,台州,临海市,白水洋镇,,临海市,临海市白水洋镇黄坦(丘陵),区域站,中尺度,-         ,,,"山区,SF",
307,307,K8625,大洋,TRF,255.0.0.0,2856,12100,121.0011,28.93361,900,890,12,False,浙江,台州,临海市,永丰镇,,临海市,临海市永丰镇大洋村(丘陵),区域站,中尺度,-         ,,,"高速,SF",
308,308,K8626,岭脚金,PTURF,255.0.0.0,2841,12104,121.0728,28.69,670,660,16,False,浙江,台州,临海市,尤溪镇,,临海市,临海市尤溪镇岭脚金村(丘陵),区域站,中尺度,-         ,,,山区,RF
309,309,K8627,头门,PTURFV,255.0.0.0,2841,12146,121.7594,28.69111,500,490,8,False,浙江,台州,临海市,上盘镇,,临海市,临海市上盘镇头门港区(岛屿),区域站,中尺度,-         ,1.0,,海岛码头航线,RF
310,310,K8628,白水洋小学,TURF,255.0.0.0,2854,12054,120.8944,28.91,460,450,8,False,浙江,台州,临海市,白水洋镇,,临海市,临海市白水洋小学(平原),区域站,中尺度,-         ,,,YA,
311,311,K8629,雀儿岙,PTURFV,255.0.0.0,2849,12151,121.8475,28.80972,570,560,12,False,浙江,台州,临海市,上盘镇,,临海市,临海市上盘镇雀儿岙(岛屿),区域站,中尺度,-         ,1.0,,海岛航线,R
312,312,K8630,田岙岛,PTURF,255.0.0.0,2845,12151,121.8481,28.74306,510,500,16,False,浙江,台州,临海市,上盘镇,,临海市,临海市上盘镇田岙村(岛屿),区域站,中尺度,-         ,1.0,,海岛航线,RF
313,313,K8640,上白岩,PTURF,255.0.0.0,2844,12058,120.9675,28.72917,6810,6800,16,False,浙江,台州,临海市,尤溪镇,,临海市,临海市尤溪镇上白岩(山地),区域站,中尺度,-         ,,,"山区,YA",R
314,314,K8641,小溪,TURF,255.0.0.0,2847,12107,121.1153,28.77222,110,100,16,False,浙江,台州,临海市,江南街道,,临海市,台州市农科院小溪基地(平原),区域站,中尺度,-         ,,,,RF
315,315,K8642,岭上村,PTURF,255.0.0.0,2849,12114,121.2322,28.82444,1470,1460,16,False,浙江,台州,临海市,邵家渡街道,,临海市,临海市邵家渡街道岭上村(丘陵),区域站,中尺度,-         ,,,,
316,316,K8643,安基山,PTURF,255.0.0.0,2900,12058,120.9667,29.00028,8050,8040,16,False,浙江,台州,临海市,白水洋镇,,临海市,临海市白水洋镇安基山(山地),区域站,中尺度,-         ,,,"山区,YA",R
317,317,K8644,红树林,PTURF,255.0.0.0,2854,12122,121.3694,28.89333,1380,1370,16,False,浙江,台州,临海市,小芝镇,,临海市,临海市小芝镇八岭村(丘陵),区域站,中尺度,-         ,,,NTS,RF
318,318,K8645,红树林B,PTURF,255.0.0.0,2854,12122,121.3694,28.89333,1380,1370,32,False,浙江,台州,临海市,小芝镇,,临海市,临海市小芝镇八岭村(丘陵),区域站,中尺度,-         ,,,NTS,
319,319,K8646,南岙村,PTURF,255.0.0.0,2851,12120,121.3367,28.84833,610,600,16,False,浙江,台州,临海市,邵家渡街道,,临海市,临海市邵家渡街道南岙村(丘陵),区域站,中尺度,-         ,,,NTS,
320,320,K8647,上西辽,PTURF,255.0.0.0,2900,12116,121.2608,29.00528,5340,5330,16,False,浙江,台州,临海市,汇溪镇,,临海市,临海市汇溪镇上西辽村(丘陵),区域站,中尺度,-         ,,,,R
321,321,K8648,乌岩岙,PTURF,255.0.0.0,2855,12124,121.4022,28.91028,2710,2700,16,False,浙江,台州,临海市,小芝镇,,临海市,临海市小芝镇乌岩岙村(丘陵),区域站,中尺度,-         ,,,NTS,RF
322,322,K8649,临港,PTURF,255.0.0.0,2843,12135,121.5781,28.71361,110,100,16,False,浙江,台州,临海市,杜桥镇,,临海市,临海市杜桥镇医化园区临港热电公司(平原),区域站,中尺度,-         ,,,高速,
323,323,K8650,大竹山,PTURFV,255.0.0.0,2843,12144,121.7297,28.71583,340,330,16,False,浙江,台州,临海市,上盘镇,,临海市,临海市上盘镇头门港区跨海公路大竹山岛(岛屿),区域站,中尺度,-         ,,,,RF
324,324,K8651,桥东,TF,255.0.0.0,2843,12145,121.7539,28.70917,170,160,16,False,浙江,台州,临海市,上盘镇,,临海市,临海市上盘镇头门港区跨海公路大桥东侧(海洋),区域站,中尺度,-         ,,,,
325,325,K8652,桥西,TF,255.0.0.0,2843,12143,121.7117,28.71806,110,100,16,False,浙江,台州,临海市,上盘镇,,临海市,临海市上盘镇头门港区跨海公路大桥西侧(海洋),区域站,中尺度,-         ,,,海岛,
326,326,K8654,括苍山B,PUTRF,255.0.0.0,2848,12056,120.93333,28.78972,13834,13824,64,False,浙江,台州,临海市,括苍镇,,临海市,括苍山,区域站,中尺度,-         ,0.0,SHARED_VER,高山,
327,327,K8655,里潘村,PTURFVD,255.0.0.0,2846,12134,121.5583,28.75889,310,300,16,False,浙江,台州,临海市,杜桥镇,,临海市,临海市杜桥镇沿海高速头门港枢纽(平原),区域站,中尺度,-         ,,,"高速,GS",RF
328,328,K8656,山安,PTURF,255.0.0.0,2900,12110,121.1697,29.00583,4140,4130,16,False,浙江,台州,临海市,汇溪镇,,临海市,临海市汇溪镇山安村(丘陵),区域站,中尺度,-         ,1.0,SHARED_VER,"高速铁路,DT",RF
329,329,K8657,城西中学,PTURF,255.0.0.0,2851,12059,120.9878,28.85695,370,360,16,False,浙江,台州,临海市,括苍镇,,临海市,临海市括苍镇城西中学(丘陵),区域站,中尺度,-         ,0.0,SHARED_VER,高山YA,RF
330,330,K8658,北泽岛,PTURF,255.0.0.0,2854,12146,121.7594,28.89583,700,690,16,False,浙江,台州,临海市,桃渚镇,,临海市,临海市北泽岛(岛屿),区域站,中尺度,-         ,0.0,SHARED_VER,海岛,
331,331,K8659,北固山,PTURF,255.0.0.0,2851,12107,121.1114,28.865,560,550,16,False,浙江,台州,临海市,古城街道,,临海市,临海市古城街道北固山(丘陵),区域站,中尺度,-         ,0.0,,,RF
332,332,K8660,临海E,E,255.0.0.0,2852,12112,121.2,28.86667,68,68,32,False,浙江,台州,临海市,大洋街道,,临海市,城关,区域站,中尺度,-         ,0.0,,,
333,333,K8661,古城,PTURF,255.0.0.0,2851,12108,121.1328,28.85194,87,77,16,False,浙江,台州,临海市,古城街道,,临海市,临海市古城街道谢鲁王(平原),区域站,中尺度,-         ,1.0,SHARED_VER,,RF
334,334,K8662,白岩茶场,PTURF,255.0.0.0,2857,12125,121.4164,28.95417,5110,5100,16,False,浙江,台州,临海市,东塍镇,,临海市,临海市东塍镇白岩山顶(丘陵),区域站,中尺度,-         ,0.0,,DT,
335,335,K8663,沿岸村,PTURF,255.0.0.0,2858,12104,121.0675,28.96722,210,200,16,False,浙江,台州,临海市,永丰镇,,临海市,临海市永丰镇沿岸村(平原),区域站,中尺度,-         ,,,SF,RF
336,336,K8664,茶山村,PTURF,255.0.0.0,2852,12117,121.2828,28.87389,1450,1440,16,False,浙江,台州,临海市,邵家渡街道,,临海市,临海市邵家渡街道茶山村(丘陵),区域站,中尺度,-         ,,,DT,RF
337,337,K8668,康谷小学,PTURF,255.0.0.0,2856,12123,121.3914,28.93139,810,800,16,False,浙江,台州,临海市,东塍镇,,临海市,临海市东塍镇康谷村(丘陵),区域站,中尺度,-         ,0.0,SHARED_VER,"高速铁路,DT",
338,338,K8669,兰田山,PTURF,255.0.0.0,2849,12122,121.3711,28.82195,5260,5250,16,False,浙江,台州,临海市,涌泉镇,,临海市,临海市涌泉镇东林村兰田山(山地),区域站,中尺度,-         ,,,DT,
339,339,K8670,方溪水库,PTURF,255.0.0.0,2848,12100,121.0,28.8025,1210,1200,16,False,浙江,台州,临海市,括苍镇,,临海市,临海市括苍镇方溪水库池槽村(丘陵),区域站,中尺度,-         ,,,YA,RF
340,340,K8671,岙陈,PTURF,255.0.0.0,2853,12118,121.2947,28.89,2110,2100,16,False,浙江,台州,临海市,东塍镇,,临海市,临海市东塍镇岙陈村(丘陵),区域站,中尺度,-         ,,,DT,
341,341,K8672,桐坑,PTURF,255.0.0.0,2854,12120,121.3364,28.90083,4810,4800,16,False,浙江,台州,临海市,东塍镇,,临海市,临海市东塍镇桐坑村(丘陵),区域站,中尺度,-         ,,,DT,
342,342,K8673,洞港,PTURF,255.0.0.0,2851,12140,121.6708,28.85278,70,60,16,False,浙江,台州,临海市,桃渚镇,,临海市,临海市桃渚镇宏野渔业养殖基地(平原),区域站,中尺度,-         ,,,,
343,343,K8674,临海西,TURFVD,255.0.0.0,2852,12103,121.0464,28.86972,230,220,16,False,浙江,台州,临海市,永丰镇,,临海市,临海市永丰镇台金高速临海西高速口(平原),区域站,中尺度,-         ,,,"YA,GS",
344,344,K8675,括苍枢纽,TURFVD,255.0.0.0,2852,12058,120.9656,28.87,400,390,16,False,浙江,台州,临海市,括苍镇,,临海市,临海市括苍镇杭绍台高速括苍枢纽(平原),区域站,中尺度,-         ,,,"YA,GS",
345,345,K8676,景山村,TR,255.0.0.0,2850,12058,120.9667,28.82611,4390,4380,16,False,浙江,台州,临海市,括苍镇,,临海市,临海市括苍镇景山村(丘陵),区域站,中尺度,-         ,,,YA,
346,346,K8677,大泛村,TR,255.0.0.0,2902,12059,120.9786,29.02639,1830,1820,16,False,浙江,台州,临海市,白水洋镇,,临海市,临海市白水洋镇大泛村(丘陵),区域站,中尺度,-         ,,,YA,
347,347,K8678,满塘村,TRF,255.0.0.0,2856,12106,121.095,28.9325,1680,1670,16,False,浙江,台州,临海市,永丰镇,,临海市,临海市永丰镇满塘村(丘陵),区域站,中尺度,-         ,,,YA,
348,348,K8679,丁公园村,TR,255.0.0.0,2900,12059,120.9836,29.00583,4680,4670,16,False,浙江,台州,临海市,白水洋镇,,临海市,临海市白水洋镇丁公园村(丘陵),区域站,中尺度,-         ,,,YA,
349,349,K8680,尚山村,TR,255.0.0.0,2847,12057,120.9522,28.78111,2610,2600,16,False,浙江,台州,临海市,括苍镇,,临海市,临海市括苍镇尚山村(丘陵),区域站,中尺度,-         ,,,YA,
350,350,K8681,白沙B,PTURF,255.0.0.0,2843,12138,121.6378,28.71278,380,370,32,False,浙江,台州,临海市,上盘镇,,临海市,临海市上盘镇白沙村(岛屿),区域站,中尺度,-         ,0.0,,沿海,
351,351,K8682,岭根村,TRF,255.0.0.0,2857,12123,121.3808,28.95472,2370,2360,16,False,浙江,台州,临海市,东塍镇,,临海市,临海市东塍镇岭根村(丘陵),区域站,中尺度,-         ,,,,
352,352,K8683,溪口水库,PTURF,255.0.0.0,2847,12125,121.4106,28.78583,260,250,16,False,浙江,台州,临海市,杜桥镇,,临海市,临海市杜桥镇溪口水库(平原),区域站,中尺度,-         ,,,,
353,353,K8684,大岙西,TR,255.0.0.0,2859,12055,120.9269,28.95833,1430,1420,16,False,浙江,台州,临海市,白水洋镇,,临海市,临海市白水洋镇乐安村大岙西大桥 (丘陵),区域站,中尺度,-         ,,,"YA,GS",
354,354,K8685,石门村,TR,255.0.0.0,2858,12109,121.1519,28.96167,2130,2120,16,False,浙江,台州,临海市,大田街道,,临海市,临海市大田街道石门村(丘陵),区域站,中尺度,-         ,,,,
355,355,K8686,山里村,TR,255.0.0.0,2857,12108,121.1308,28.95306,1780,1770,16,False,浙江,台州,临海市,大田街道,,临海市,临海市大田街道山里村(丘陵),区域站,中尺度,-         ,,,,
356,356,K8687,岭上蒋,TR,255.0.0.0,2902,12107,121.1208,29.04,3900,3890,16,False,浙江,台州,临海市,河头镇,,临海市,临海市河头镇岭上蒋村(丘陵),区域站,中尺度,-         ,,,SF,
357,357,K8688,江根村,TR,255.0.0.0,2900,12113,121.2142,28.99639,2010,2000,16,False,浙江,台州,临海市,汇溪镇,,临海市,临海市汇溪镇江根村(丘陵),区域站,中尺度,-         ,,,,
358,358,K8689,留山村,TR,255.0.0.0,2859,12112,121.205,28.98583,4250,4240,16,False,浙江,台州,临海市,汇溪镇,,临海市,临海市汇溪镇留山村(丘陵),区域站,中尺度,-         ,,,,
359,359,K8690,龙泉村,TRF,255.0.0.0,2858,12054,120.8956,28.95639,4550,4540,16,False,浙江,台州,临海市,白水洋镇,,临海市,临海市白水洋镇龙泉村(丘陵),区域站,中尺度,-         ,,,YA,
360,360,K8691,许墅村,TRF,255.0.0.0,2853,12105,121.0811,28.88639,570,560,16,False,浙江,台州,临海市,古城街道,,临海市,临海市古城街道许墅村(平原),区域站,中尺度,-         ,,,,
361,361,K8692,溪王村,TR,255.0.0.0,2900,12112,121.1936,28.995,3260,3250,16,False,浙江,台州,临海市,汇溪镇,,临海市,临海市汇溪镇溪王村(丘陵),区域站,中尺度,-         ,,,,
362,362,K8693,黄支罗,TR,255.0.0.0,2901,12111,121.1889,29.02222,3070,3060,16,False,浙江,台州,临海市,汇溪镇,,临海市,临海市汇溪镇黄支罗村(丘陵),区域站,中尺度,-         ,,,,
363,363,K8694,大塘村,TR,255.0.0.0,2901,12113,121.2131,29.02194,2880,2870,16,False,浙江,台州,临海市,汇溪镇,,临海市,临海市汇溪镇大塘村(丘陵),区域站,中尺度,-         ,,,,
364,364,K8695,王加山,TR,255.0.0.0,2841,12106,121.0931,28.68889,2610,2600,16,False,浙江,台州,临海市,尤溪镇,,临海市,临海市尤溪镇王加山村(丘陵),区域站,中尺度,-         ,,,,
365,365,K8696,竹家山,TR,255.0.0.0,2843,12103,121.0581,28.71806,2240,2230,16,False,浙江,台州,临海市,尤溪镇,,临海市,临海市尤溪镇竹家山村(丘陵),区域站,中尺度,-         ,,,,
366,366,K8697,长加山,TR,255.0.0.0,2845,12103,121.0439,28.74667,2700,2690,16,False,浙江,台州,临海市,尤溪镇,,临海市,临海市尤溪镇长加山村(丘陵),区域站,中尺度,-         ,,,,
367,367,K8701,白鹤,TRF,255.0.0.0,2916,12059,120.9864,29.26778,3000,3000,8,False,浙江,台州,天台县,白鹤镇,,天台县,天台县白鹤桐坑溪电站(丘陵),区域站,中尺度,-         ,0.0,SHARED_VER,"高速山区,SF",
368,368,K8702,街头,PTURF,255.0.0.0,2908,12048,120.7947,29.12583,1140,1130,12,False,浙江,台州,天台县,街头镇,,天台县,天台县街头镇后洋铁皮石斛种植基地(丘陵),区域站,中尺度,-         ,1.0,SHARED_VER,"山区、铁皮石斛,SF",RF
369,369,K8703,华顶,PTURF,255.0.0.0,2916,12105,121.0914,29.25833,9510,9500,8,False,浙江,台州,天台县,石梁镇,,天台县,天台县华顶林场(山地),区域站,中尺度,-         ,1.0,SHARED_VER,"高山,SF",RF
370,370,K8704,亭头,PTURF,255.0.0.0,2905,12106,121.1014,29.09056,560,550,16,False,浙江,台州,天台县,三合镇,,天台县,天台县三合镇亭头村(丘陵),区域站,中尺度,-         ,0.0,SHARED_VER,"高速,SF",RF
371,371,K8705,龙溪,PTURF,255.0.0.0,2903,12048,120.7939,29.05167,1240,1230,4,False,浙江,台州,天台县,龙溪乡,,天台县,天台县龙溪乡黄水村(丘陵),区域站,中尺度,-         ,0.0,SHARED_VER,SF,RF
372,372,K8706,南屏,PTURF,255.0.0.0,2904,12100,121.0,29.07055,2280,2270,4,False,浙江,台州,天台县,南屏乡,,天台县,天台县南屏乡山头郑村(丘陵),区域站,中尺度,-         ,0.0,SHARED_VER,"山区,SF",RF
373,373,K8707,田芯,TR,255.0.0.0,2904,12042,120.7022,29.05917,1840,1830,16,False,浙江,台州,天台县,街头镇,,天台县,天台县里石门田芯(丘陵),区域站,中尺度,-         ,0.0,SHARED_VER,"山区,SF",
374,374,K8708,下王,PTURF,255.0.0.0,2909,12052,120.8625,29.14472,770,760,16,False,浙江,台州,天台县,平桥镇,,天台县,天台县平桥镇下王村(丘陵),区域站,中尺度,-         ,0.0,SHARED_VER,SF,RF
375,375,K8709,紫凝山,PTURF,255.0.0.0,2906,12051,120.8569,29.09945,4250,4240,16,False,浙江,台州,天台县,平桥镇,,天台县,天台县平桥镇岩坑村(丘陵),区域站,中尺度,-         ,0.0,SHARED_VER,"高山,SF",RF
376,376,K8710,下屋村0,TR,255.0.0.0,2913,12048,120.8017,29.19722,3880,3870,32,False,浙江,台州,天台县,三州乡,,天台县,天台县三州乡下屋村(丘陵),区域站,中尺度,-         ,0.0,SHARED_VER,山区,
377,377,K8711,泳溪,PTURF,255.0.0.0,2910,12113,121.2222,29.17194,1680,1670,8,False,浙江,台州,天台县,泳溪乡,,天台县,天台县泳溪中学-泳溪村(丘陵),区域站,中尺度,-         ,0.0,SHARED_VER,"山区,SF",R
378,378,K8712,坦头,TR,255.0.0.0,2907,12107,121.1156,29.11111,680,670,16,False,浙江,台州,天台县,坦头镇,,天台县,天台县坦头中心小学-坦头街185号(丘陵),区域站,中尺度,-         ,0.0,SHARED_VER,"高速,SF",R
379,379,K8713,龙皇堂,PTURF,255.0.0.0,2915,12103,121.0519,29.24306,7590,7580,16,False,浙江,台州,天台县,石梁镇,,天台县,天台县石梁镇石梁中学(山地),区域站,中尺度,-         ,0.0,SHARED_VER,"高山、高山蔬菜、云雾茶,SF",RF
380,380,K8714,洪畴,PTURF,255.0.0.0,2904,12112,121.1947,29.06778,1110,1100,16,False,浙江,台州,天台县,洪畴镇,,天台县,天台县洪畴镇中心幼儿园-湖堂村(平原),区域站,中尺度,-         ,0.0,SHARED_VER,"高速,SF",RF
381,381,K8715,雷峰,PTURF,255.0.0.0,2905,12054,120.8956,29.08805,1010,1000,16,False,浙江,台州,天台县,雷锋乡,,天台县,天台县雷峰乡崔家村(丘陵),区域站,中尺度,-         ,0.0,SHARED_VER,"山区,SF",RF
382,382,K8716,滩岭,PTURF,255.0.0.0,2904,12103,121.0575,29.06944,530,520,12,False,浙江,台州,天台县,福溪街道,,天台县,天台县福溪街道滩岭小学(平原),区域站,中尺度,-         ,0.0,SHARED_VER,SF,
383,383,K8717,飞鹤,PTURF,255.0.0.0,2909,12102,121.0372,29.135,760,750,16,False,浙江,台州,天台县,赤城街道,,天台县,天台县赤城街道外国语小学(平原),区域站,中尺度,-         ,0.0,SHARED_VER,"高速,SF",
384,384,K8718,左溪V,V,255.0.0.0,2917,12055,120.9108,29.28833,2350,2340,16,False,浙江,台州,天台县,白鹤镇,,天台县,天台县白鹤镇苍蒲坑村(丘陵),区域站,中尺度,-         ,0.0,SHARED_VER,"山区高速,GS",
385,385,K8719,西方洋,TURFV,255.0.0.0,2907,12106,121.1022,29.12,630,620,8,False,浙江,台州,天台县,坦头镇,,天台县,天台县坦头镇西方洋铁皮石斛种植基地(平原),区域站,中尺度,-         ,,,"铁皮石斛,SF",RF
386,386,K8720,屯桥,PTURF,255.0.0.0,2912,12054,120.8997,29.20111,1130,1120,12,False,浙江,台州,天台县,平桥镇,,天台县,天台县平桥镇屯桥村金岭(丘陵),区域站,中尺度,-         ,,,SF,RF
387,387,K8721,桐柏,PTURF,255.0.0.0,2912,12101,121.0164,29.20694,4520,4510,12,False,浙江,台州,天台县,赤城街道,,天台县,天台县赤城街道东岙村(丘陵),区域站,中尺度,-         ,,,SF,
388,388,K8722,大雷山,PTURF,255.0.0.0,2900,12053,120.8761,29.02028,5230,5220,12,False,浙江,台州,天台县,雷峰乡,,天台县,天台县雷峰乡潘岙洋村(山地),区域站,中尺度,-         ,,,SF,
389,389,K8723,柱峰,PTURF,255.0.0.0,2901,12046,120.77,29.02306,4460,4450,16,False,浙江,台州,天台县,龙溪乡,,天台县,天台县龙溪乡柱峰(山地),区域站,中尺度,-         ,,,SF,
390,390,K8724,职业中专,PTURF,255.0.0.0,2908,12100,121.0067,29.13806,640,630,16,False,浙江,台州,天台县,福溪街道,,天台县,天台县福溪街道职业中专校内(平原),区域站,中尺度,-         ,0.0,,SF,
391,391,K8725,三合,PTURF,255.0.0.0,2905,12111,121.1758,29.08805,830,820,16,False,浙江,台州,天台县,三合镇,,天台县,天台县三合镇下河机站(平原),区域站,中尺度,-         ,0.0,SHARED_VER,"平原,SF",
392,392,K8726,里石门,PTURF,255.0.0.0,2904,12044,120.7303,29.07278,2490,2480,16,False,浙江,台州,天台县,街头镇,,天台县,天台县街头镇后求渔林场(丘陵),区域站,中尺度,-         ,0.0,SHARED_VER,"山区,SF",
393,393,K8727,苍山顶,PTURF,255.0.0.0,2909,12109,121.1528,29.15139,9190,9180,16,False,浙江,台州,天台县,坦头镇,,天台县,天台县坦头镇苍山顶林场(山地),区域站,中尺度,-         ,0.0,SHARED_VER,"山区,SF",
394,394,K8728,慈圣,PTURF,255.0.0.0,2919,12104,121.0619,29.31056,2420,2410,12,False,浙江,台州,天台县,石梁镇,,天台县,天台县石梁镇慈圣村(丘陵),区域站,中尺度,-         ,,,"山区,SF",
395,395,K8729,黄龙水库,PTURF,255.0.0.0,2913,12108,121.14,29.22417,5290,5280,16,False,浙江,台州,天台县,石梁镇,,天台县,天台县石梁镇华峰办事处八辽村(山地),区域站,中尺度,-         ,,,"山区,SF",
396,396,K8730,天柱林场,PTURF,255.0.0.0,2857,12049,120.8189,28.97583,9250,9240,16,False,浙江,台州,天台县,龙溪乡,,天台县,天台县龙溪乡天柱林场(山地),区域站,中尺度,-         ,,,"山区,SF",
397,397,K8740,溪地,PTURF,255.0.0.0,2904,12050,120.8411,29.07139,1340,1330,16,False,浙江,台州,天台县,街头镇,,天台县,天台县街头镇遮一村溪地(丘陵),区域站,中尺度,-         ,,,SF,RF
398,398,K8741,岭下洋,PTURF,255.0.0.0,2912,12058,120.9628,29.20361,910,900,16,False,浙江,台州,天台县,白鹤镇,,天台县,天台县白鹤镇岭下洋村(丘陵),区域站,中尺度,-         ,,,"高速,SF,GS",
399,399,K8742,龙溪0,TR,255.0.0.0,2903,12048,120.8,29.09,1280,1280,63,False,浙江,台州,天台县,,,天台县,天台县泳溪中学(丘陵),区域站,中尺度,-         ,0.0,SHARED_VER,山区,
400,400,K8743,泳溪0,TR,255.0.0.0,2909,12113,121.21667,29.15,1680,1670,63,False,浙江,台州,天台县,,,天台县,天台县泳溪中学(丘陵),区域站,中尺度,-         ,0.0,SHARED_VER,山区,
401,401,K8745,紫凝山0,TR,255.0.0.0,2906,12052,120.86667,29.12,4250,4240,63,False,浙江,台州,天台县,平桥镇,,天台县,天台县平桥镇岩坑村(丘陵),区域站,中尺度,-         ,,,,
402,402,K8746,三州,PTURF,255.0.0.0,2914,12051,120.8475,29.22639,5300,5290,8,False,浙江,台州,天台县,三州乡,,天台县,天台县三州乡岭头朱村(山地),区域站,中尺度,-         ,,,"高山,SF",
403,403,K8747,下陈胡,PTURF,255.0.0.0,2907,12107,121.1244,29.115,820,810,16,False,浙江,台州,天台县,坦头镇,,天台县,天台县坦头镇下陈胡(平原),区域站,中尺度,-         ,0.0,,SF,
404,404,K8748,后岸,PTURF,255.0.0.0,2905,12049,120.8139,29.07861,1010,1000,16,False,浙江,台州,天台县,街头镇,,天台县,天台县街头镇后岸村(丘陵),区域站,中尺度,-         ,,,SF,RF
405,405,K8749,飞鹤山,PTURF,255.0.0.0,2909,12103,121.0433,29.15195,930,920,16,False,浙江,台州,天台县,赤城街道,,天台县,天台县赤城街道国清路飞鹤山公园(丘陵),区域站,中尺度,-         ,,,SF,
406,406,K8750,茶坑,PTURF,255.0.0.0,2905,12043,120.7117,29.08222,2570,2560,16,False,浙江,台州,天台县,街头镇,,天台县,天台县街头镇丰源村茶坑自然村(丘陵),区域站,中尺度,-         ,,,SF,
407,407,K8759,新城,PTURF,255.0.0.0,2909,12059,120.98,29.13389,610,600,16,False,浙江,台州,天台县,始丰街道,,天台县,天台县始丰街道新城(平原),区域站,中尺度,-         ,,,SF,
408,408,K8760,始丰小学,PTURF,255.0.0.0,2909,12059,120.99,29.14778,620,610,16,False,浙江,台州,天台县,始丰街道,,天台县,天台县始丰小学(平原),区域站,中尺度,-         ,,,SF,F
409,409,K8761,万年寺,PTURF,255.0.0.0,2916,12101,121.0083,29.27333,6010,6000,16,False,浙江,台州,天台县,白鹤镇,,天台县,天台县白鹤镇万年村万年水库西边(山地),区域站,中尺度,-         ,,,SF,RF
410,410,K8762,下洋村,PTURF,255.0.0.0,2919,12109,121.1458,29.30833,3410,3400,16,False,浙江,台州,天台县,石梁镇,,天台县,天台县石梁镇下洋村(山地),区域站,中尺度,-         ,0.0,SHARED_VER,"高山,SF",
411,411,K8763,寒风缺,PTURF,255.0.0.0,2914,12103,121.05,29.22806,7910,7900,16,False,浙江,台州,天台县,石梁镇,,天台县,天台县石梁镇龙皇堂村寒风缺(山地),区域站,中尺度,-         ,0.0,,"高山,SF",
412,412,K8764,曹一村,TR,255.0.0.0,2908,12053,120.885,29.13556,420,410,16,False,浙江,台州,天台县,平桥镇,,天台县,天台县平桥镇曹一村(平原),区域站,中尺度,-         ,,,SF,
413,413,K8765,北山村,TR,255.0.0.0,2909,12111,121.1786,29.15611,4440,4430,16,False,浙江,台州,天台县,泳溪乡,,天台县,天台县泳溪乡北山村(丘陵),区域站,中尺度,-         ,,,SF,
414,414,K8766,东安隐,TR,255.0.0.0,2906,12115,121.2333,29.09972,4100,4090,16,False,浙江,台州,天台县,洪畴镇,,天台县,天台县洪畴镇东安隐村(丘陵),区域站,中尺度,-         ,,,SF,
415,415,K8767,大横金,TR,255.0.0.0,2906,12110,121.165,29.10306,810,800,16,False,浙江,台州,天台县,三合镇,,天台县,天台县三合镇大横金村(平原),区域站,中尺度,-         ,,,SF,
416,416,K8768,九遮山,PTURF,255.0.0.0,2902,12050,120.8392,29.025,2110,2100,16,False,浙江,台州,天台县,街头镇,,天台县,天台县街头镇九遮山(丘陵),区域站,中尺度,-         ,,,SF,
417,417,K8769,龙潭村,TR,255.0.0.0,2906,12057,120.9492,29.10667,1100,1090,16,False,浙江,台州,天台县,始丰街道,,天台县,天台县始丰街道龙潭村(丘陵),区域站,中尺度,-         ,,,SF,
418,418,K8770,左溪,TRF,255.0.0.0,2917,12055,120.915,29.28889,2350,2340,16,False,浙江,台州,天台县,白鹤镇,,天台县,天台县白鹤镇苍蒲坑村(丘陵),区域站,中尺度,-         ,0.0,SHARED_VER,"山区高速,SF,GS",RF
419,419,K8771,溪地A,TRF,255.0.0.0,2904,12050,120.8411,29.05139,1340,1330,32,False,浙江,台州,天台县,街头镇,,天台县,天台县街头镇遮一村溪地(丘陵),区域站,中尺度,-         ,0.0,SHARED_VER,"山区,SF",
420,420,K8772,大同寺,TRF,255.0.0.0,2918,12109,121.1458,29.29333,3410,3400,16,False,浙江,台州,天台县,石梁镇,,天台县,天台县石梁镇下洋村大同寺(丘陵),区域站,中尺度,-         ,0.0,SHARED_VER,"高山,SF",RF
421,421,K8773,欢岙,PTURF,255.0.0.0,2911,12107,121.1128,29.18444,2910,2900,16,False,浙江,台州,天台县,坦头镇,,天台县,天台县坦头镇欢岙片欢中村(丘陵),区域站,中尺度,-         ,0.0,SHARED_VER,SF,
422,422,K8774,下屋村,TRF,255.0.0.0,2913,12048,120.8017,29.21722,3880,3870,16,False,浙江,台州,天台县,三州乡,,天台县,天县县三州乡下屋村(山地),区域站,中尺度,-         ,0.0,SHARED_VER,"高山,SF",RF
423,423,K8780,灵溪村,TRF,255.0.0.0,2904,12109,121.1475,29.06417,1340,1330,16,False,浙江,台州,天台县,三合镇,,天台县,天台县三合镇灵溪村灵风(丘陵),区域站,中尺度,-         ,,,SF,
424,424,K8781,坪东村,TR,255.0.0.0,2905,12114,121.2158,29.08167,1650,1640,16,False,浙江,台州,天台县,洪畴镇,,天台县,天台县洪畴镇坪东村(丘陵),区域站,中尺度,-         ,,,SF,
425,425,K8782,白鹤小学,PTURF,255.0.0.0,2914,12057,120.9428,29.23528,1250,1240,16,False,浙江,台州,天台县,白鹤镇,,天台县,天台县白鹤镇白鹤小学(丘陵),区域站,中尺度,-         ,,,SF,
426,426,K8783,现代农业园,TRF,255.0.0.0,2909,12051,120.8561,29.15333,810,800,16,False,浙江,台州,天台县,平桥镇,,天台县,天台县平桥镇泉井村现代农业园(丘陵),区域站,中尺度,-         ,,,SF,
427,427,K8784,西山头,TRF,255.0.0.0,2903,12054,120.8917,29.05528,1980,1970,16,False,浙江,台州,天台县,雷峰乡,,天台县,天台县雷峰乡西山头村(丘陵),区域站,中尺度,-         ,,,SF,
428,428,K8785,翠西村,TR,255.0.0.0,2904,12056,120.9281,29.07028,3910,3900,16,False,浙江,台州,天台县,南屏乡,,天台县,天台县南屏乡翠西村(丘陵),区域站,中尺度,-         ,,,SF,
429,429,K8786,下辽坑,TR,255.0.0.0,2900,12048,120.7953,29.00028,4110,4100,16,False,浙江,台州,天台县,龙溪乡,,天台县,天台县龙溪乡下辽坑村(丘陵),区域站,中尺度,-         ,,,SF,
430,430,K8787,岭里村,TR,255.0.0.0,2900,12049,120.8183,29.0025,4200,4190,16,False,浙江,台州,天台县,龙溪乡,,天台县,天台县龙溪乡岭里村(丘陵),区域站,中尺度,-         ,,,SF,
431,431,K8788,兰田,TRF,255.0.0.0,2908,12113,121.2089,29.13417,2770,2760,16,False,浙江,台州,天台县,泳溪乡,,天台县,天台县泳溪乡北山村兰田(丘陵),区域站,中尺度,-         ,,,,
432,432,K8789,周家楼,TRF,255.0.0.0,2909,12044,120.7336,29.155,3140,3130,16,False,浙江,台州,天台县,平桥镇,,天台县,天台县平桥镇周家楼村(丘陵),区域站,中尺度,-         ,,,SF,
433,433,K8790,济溪,TR,255.0.0.0,2903,12051,120.8553,29.05389,1990,1980,16,False,浙江,台州,天台县,街头镇,,天台县,天台县街头镇济溪1号大桥(丘陵),区域站,中尺度,-         ,,,"SF,GS",
434,434,K8801,亭旁,PTURF,255.0.0.0,2903,12120,121.3403,29.04361,1090,1080,16,False,浙江,台州,三门县,亭旁镇,,三门县,三门县亭旁镇杨家村(丘陵),区域站,中尺度,-         ,0.0,SHARED_VER,铁路,RF
435,435,K8802,三角塘,PTURFV,255.0.0.0,2856,12143,121.7144,28.93806,260,250,16,False,浙江,台州,三门县,浦坝港镇,,三门县,三门县浦坝港镇沿江村山娘湾(岛屿),区域站,中尺度,-         ,0.0,SHARED_VER,沿海、黄秋葵、西兰花航线,RFH
436,436,K8803,蛇蟠,PTURF,255.0.0.0,2910,12134,121.5706,29.16195,60,50,8,False,浙江,台州,三门县,蛇蟠乡,,三门县,三门县蛇蟠乡小蛇村(岛屿),区域站,中尺度,-         ,1.0,SHARED_VER,"海岛,水产养殖航线,高速",RFH
437,437,K8804,牛山,PTURFV,255.0.0.0,2901,12142,121.7067,29.01361,610,600,64,False,浙江,台州,三门县,,,三门县,三门县浦坝港镇浬浦牛山岛上(岛屿),区域站,中尺度,-         ,1.0,SHARED_VER,沿海,
438,438,K8805,横渡,PTURF,255.0.0.0,2901,12131,121.5094,29.01167,530,520,16,False,浙江,台州,三门县,横渡镇,,三门县,三门县横渡镇政府-大横渡村(丘陵),区域站,中尺度,-         ,0.0,SHARED_VER,,RF
439,439,K8806,百两岗,PTURF,255.0.0.0,2859,12124,121.3986,28.98389,4670,4660,12,False,浙江,台州,三门县,亭旁镇,,三门县,三门县亭旁镇百两岗村(山地),区域站,中尺度,-         ,0.0,SHARED_VER,高山,RFH
440,440,K8807,高枧,PTURFV,255.0.0.0,2903,12113,121.2208,29.05,810,800,8,False,浙江,台州,三门县,珠岙镇,,三门县,三门县珠岙镇东谢村(丘陵),区域站,中尺度,-         ,1.0,SHARED_VER,"高速,GS",RF
441,441,K8808,山场村,PTURF,255.0.0.0,2852,12131,121.5128,28.8675,350,340,16,False,浙江,台州,三门县,浦坝港镇,,三门县,三门县浦坝港镇山场村(丘陵),区域站,中尺度,-         ,0.0,SHARED_VER,航线,RF
442,442,K8809,花桥,PTURF,255.0.0.0,2855,12128,121.4714,28.92083,220,210,8,False,浙江,台州,三门县,花桥镇,,三门县,三门县花桥镇花桥小学(平原),区域站,中尺度,-         ,1.0,SHARED_VER,,RF
443,443,K8810,健跳,PTURFV,255.0.0.0,2901,12137,121.6083,29.01389,140,130,16,False,浙江,台州,三门县,健跳镇,,三门县,三门县健跳镇港南小学(平原),区域站,中尺度,-         ,0.0,SHARED_VER,沿海、黄秋葵、西兰花,RF
444,444,K8811,浬浦,PTURF,255.0.0.0,2858,12135,121.5808,28.97111,800,790,16,False,浙江,台州,三门县,浦坝港镇,,三门县,三门县浦坝港镇浬浦(丘陵),区域站,中尺度,-         ,0.0,SHARED_VER,",高速",
445,445,K8812,叶家村,PTURF,255.0.0.0,2904,12129,121.4881,29.0675,520,510,16,False,浙江,台州,三门县,海润街道,,三门县,三门县海润街道叶家村(丘陵),区域站,中尺度,-         ,1.0,SHARED_VER,山区,RF
446,446,K8813,鹤井村,PTURFV,255.0.0.0,2853,12138,121.6383,28.87583,540,530,16,False,浙江,台州,三门县,浦坝港镇,,三门县,三门县浦坝港镇鹤井村(丘陵),区域站,中尺度,-         ,0.0,SHARED_VER,沿海、黄秋葵、西兰花,RFH
447,447,K8814,珠岙,PTURF,255.0.0.0,2904,12117,121.2789,29.07444,1210,1200,16,False,浙江,台州,三门县,珠岙镇,,三门县,三门县珠岙镇祥里村(丘陵),区域站,中尺度,-         ,0.0,SHARED_VER,山区,RF
448,448,K8815,沙柳,PTURF,255.0.0.0,2909,12127,121.4575,29.15222,370,360,16,False,浙江,台州,三门县,沙柳街道 ,,三门县,三门县沙柳街道卢家塘村(丘陵),区域站,中尺度,-         ,0.0,SHARED_VER,沿海,RF
449,449,K8816,农业园,PTURFD,255.0.0.0,2906,12136,121.6006,29.10389,100,90,12,False,浙江,台州,三门县,健跳镇,,三门县,三门县健跳镇现代化农业园区(平原),区域站,中尺度,-         ,0.0,SHARED_VER,沿海,RF
450,450,K8817,悬诸,PTURF,255.0.0.0,2905,12124,121.405,29.07528,880,870,16,False,浙江,台州,三门县,海游街道,,三门县,三门县海游街道悬渚村里毛洋水库(丘陵),区域站,中尺度,-         ,0.0,SHARED_VER,铁路,RF
451,451,K8818,佃石,PTURF,255.0.0.0,2900,12119,121.3147,29.0025,1390,1380,4,False,浙江,台州,三门县,亭旁镇,,三门县,三门县亭旁镇佃石水库-金干村(丘陵),区域站,中尺度,-         ,,,山区铁路,R
452,452,K8819,板樟山,PTURF,255.0.0.0,2910,12121,121.3514,29.15861,2120,2110,16,False,浙江,台州,三门县,沙柳街道 ,,三门县,三门县沙柳街道板樟山村(丘陵),区域站,中尺度,-         ,,,山区高速铁路,
453,453,K8820,滨海新城,PTURFV,255.0.0.0,2907,12129,121.48,29.12361,150,140,12,False,浙江,台州,三门县,海润街道,,三门县,三门县海润街道滨海新城(平原),区域站,中尺度,-         ,,,航线,RF
454,454,K8821,浦坝港,PTURFV,255.0.0.0,2856,12135,121.5833,28.92694,220,210,4,False,浙江,台州,三门县,浦坝港镇,,三门县,三门县浦坝港镇小湾村(平原),区域站,中尺度,-         ,,,航线,RF
455,455,K8822,下南山,PTURF,255.0.0.0,2909,12122,121.3683,29.15083,2150,2140,16,False,浙江,台州,三门县,沙柳街道,,三门县,三门县沙柳街道下南山村(山地),区域站,中尺度,-         ,,,,
456,456,K8823,农气基地,PTURF,255.0.0.0,2907,12135,121.5767,29.10861,100,90,16,False,浙江,台州,三门县,健跳镇,,三门县,三门县健跳镇六敖农业园(平原),区域站,中尺度,-         ,,,,
457,457,K8824,东屏村,PTURF,255.0.0.0,2901,12128,121.4683,29.00889,250,240,8,False,浙江,台州,三门县,横渡镇,,三门县,三门县横渡镇东屏村(盆地),区域站,中尺度,-         ,,,,
458,458,K8825,龙山,PTURF,255.0.0.0,2904,12141,121.6792,29.06667,210,200,16,False,浙江,台州,三门县,健跳镇,,三门县,三门县健跳镇龙山(岛屿),区域站,中尺度,-         ,,,,
459,459,K8826,扩塘山,PTURF,255.0.0.0,2853,12140,121.6617,28.89111,440,430,12,False,浙江,台州,三门县,浦坝港镇,,三门县,三门县浦坝港镇扩塘山(岛屿),区域站,中尺度,-         ,,,航线,
460,460,K8827,扩塘山B,PTURF,255.0.0.0,2853,12140,121.6617,28.89111,440,430,32,False,浙江,台州,三门县,浦坝港镇,,三门县,三门县浦坝港镇扩塘山(岛屿),区域站,中尺度,-         ,,,,
461,461,K8828,枧头村,PTURF,255.0.0.0,2901,12123,121.3881,29.02444,4160,4150,16,False,浙江,台州,三门县,亭旁镇,,三门县,三门县亭旁镇枧头村(山地),区域站,中尺度,-         ,,,,
462,462,K8829,吴岙,TURFVD,255.0.0.0,2903,12115,121.2419,29.05445,720,710,12,False,浙江,台州,三门县,珠岙镇,,三门县,三门县珠岙镇吴岙(交通服务)(丘陵),区域站,中尺度,-         ,,,"高速,GS",
463,463,K8830,蛇蟠旅游,PTURF,255.0.0.0,2910,12134,121.5706,29.16195,60,50,16,False,浙江,台州,三门县,蛇蟠乡,,三门县,三门县蛇蟠乡政府(岛屿),区域站,中尺度,-         ,0.0,,海岛、水产养殖、旅游,
464,464,K8840,林场,PTURF,255.0.0.0,2903,12125,121.4242,29.04917,6280,6270,16,False,浙江,台州,三门县,海游街道,,三门县,三门县海游街道三门林场(山地),区域站,中尺度,-         ,,,,
465,465,K8841,三门湾,TURFVD,255.0.0.0,2906,12135,121.5811,29.11806,230,220,16,False,浙江,台州,三门县,健跳镇,,三门县,沿海高速三门湾大桥南(平原),区域站,中尺度,-         ,,,"高速,GS",
466,466,K8843,毛石源,TURFV,255.0.0.0,2854,12135,121.5806,28.89611,180,170,16,False,浙江,台州,三门县,浦坝港镇,,三门县,三门县浦坝港镇毛石源村(平原),区域站,中尺度,-         ,,,,
467,467,K8844,工业城,TURF,255.0.0.0,2855,12140,121.6681,28.91778,120,110,16,False,浙江,台州,三门县,浦坝港镇,,三门县,三门县浦坝港镇兴港公园(平原),区域站,中尺度,-         ,,,,
468,468,K8845,海游港,PTURF,255.0.0.0,2906,12131,121.5181,29.105,460,450,16,False,浙江,台州,三门县,健跳镇,,三门县,三门县健跳镇巡检司村(平原),区域站,中尺度,-         ,,,,
469,469,K8846,罗岙水库,TURF,255.0.0.0,2903,12133,121.5444,29.05445,290,280,16,False,浙江,台州,三门县,健跳镇,,三门县,三门县健跳镇西渡村罗岙水库,区域站,中尺度,-         ,0.0,SHARED_VER,,
470,470,K8847,西城,PTURF,255.0.0.0,2907,12122,121.3617,29.12056,210,200,16,False,浙江,台州,三门县,海游街道,,三门县,三门县海游街道西区(平原),区域站,中尺度,-         ,,,,
471,471,K8848,小岭下,PTURF,255.0.0.0,2857,12140,121.6722,28.94417,60,50,16,False,浙江,台州,三门县,浦坝港镇,,三门县,三门县浦坝港镇小岭下村(平原),区域站,中尺度,-         ,,,,
472,472,K8849,后周,PTURF,255.0.0.0,2909,12125,121.4103,29.15778,1310,1300,16,False,浙江,台州,三门县,沙柳街道,,三门县,三门县沙柳街道后周村(丘陵),区域站,中尺度,-         ,,,,
473,473,K8850,后郭,PTURF,255.0.0.0,2905,12119,121.3217,29.08805,2070,2060,16,False,浙江,台州,三门县,海游街道,,三门县,三门县海游街道后郭村(丘陵),区域站,中尺度,-         ,,,,
474,474,K8860,三门岛,PTURFV,255.0.0.0,2858,12148,121.7919,28.96472,130,120,12,False,浙江,台州,三门县,浦坝港镇,,三门县,三门县浦坝港镇三门岛龙塘山(岛屿),区域站,中尺度,-         ,,,,
475,475,K8861,三门岛B　,PTURF,255.0.0.0,2858,12148,121.7919,28.96472,130,120,32,False,浙江,台州,三门县,浦坝港镇,,三门县,三门县浦坝港镇三门岛龙塘山(岛屿),区域站,中尺度,-         ,,,,
476,476,K8862,五子岛,PTURFV,255.0.0.0,2900,12146,121.7608,29.00556,130,120,12,False,浙江,台州,三门县,浦坝港镇,,三门县,三门县浦坝港镇五子岛青士豆屿(岛屿),区域站,中尺度,-         ,,,,
477,477,K8863,五子岛B,PTURF,255.0.0.0,2900,12146,121.7608,29.00556,130,120,32,False,浙江,台州,三门县,浦坝港镇,,三门县,三门县浦坝港镇五子岛青士豆屿(岛屿),区域站,中尺度,-         ,,,,
478,478,K8866,石门坑,TR,255.0.0.0,2900,12121,121.3572,29.005,1210,1200,16,False,浙江,台州,三门县,亭旁镇,,三门县,三门县亭旁镇石门坑村(丘陵),区域站,中尺度,-         ,,,,
479,479,K8867,下吴村,TR,255.0.0.0,2901,12119,121.3144,29.01889,590,580,16,False,浙江,台州,三门县,亭旁镇,,三门县,三门县亭旁镇下吴村(平原),区域站,中尺度,-         ,,,,
480,480,K8868,银山村,TR,255.0.0.0,2856,12126,121.4381,28.93361,2910,2900,16,False,浙江,台州,三门县,花桥镇,,三门县,三门县花桥镇银山村(丘陵),区域站,中尺度,-         ,,,,
481,481,K8869,外俞村,TR,255.0.0.0,2905,12124,121.3936,29.08639,100,90,16,False,浙江,台州,三门县,海游街道,,三门县,三门县海游街道外俞村(平原),区域站,中尺度,-         ,,,,
482,482,K8870,善见村,TR,255.0.0.0,2900,12127,121.4514,28.99195,610,600,16,False,浙江,台州,三门县,横渡镇,,三门县,三门县横渡镇善见村(丘陵),区域站,中尺度,-         ,,,,
483,483,K8871,樟树下,TR,255.0.0.0,2903,12118,121.2931,29.05305,440,430,16,False,浙江,台州,三门县,珠岙镇,,三门县,三门县珠岙镇樟树下村(平原),区域站,中尺度,-         ,,,,
484,484,K8872,五峙山,PTURFV,255.0.0.0,2855,12143,121.7244,28.91111,150,140,16,False,浙江,台州,三门县,浦坝港镇,,三门县,三门县浦坝港镇五峙山(岛屿),区域站,中尺度,-         ,,,,
485,485,K8873,五峙山B,PTURF,255.0.0.0,2855,12143,121.7244,28.91111,150,140,32,False,浙江,台州,三门县,浦坝港镇,,三门县,三门县浦坝港镇五峙山(岛屿),区域站,中尺度,-         ,,,,
486,486,K8874,竹墩村,TRF,255.0.0.0,2901,12115,121.2556,29.02417,3050,3040,16,False,浙江,台州,三门县,珠岙镇,,三门县,三门县珠岙镇竹墩村(丘陵),区域站,中尺度,-         ,,,,
487,487,K8875,邵下村,TRF,255.0.0.0,2904,12122,121.3683,29.06944,1370,1360,16,False,浙江,台州,三门县,亭旁镇,,三门县,三门县亭旁镇邵下村(丘陵),区域站,中尺度,-         ,,,,
488,488,K8876,王家村,TRF,255.0.0.0,2908,12125,121.4242,29.13139,1210,1200,16,False,浙江,台州,三门县,海润街道,,三门县,三门县海润街道王家村(丘陵),区域站,中尺度,-         ,,,,
489,489,K8877,珠港村,TRF,255.0.0.0,2904,12136,121.6053,29.07028,100,90,16,False,浙江,台州,三门县,健跳镇,,三门县,三门县健跳镇六敖珠港村(平原),区域站,中尺度,-         ,,,,
490,490,K8878,芝岙村,TRF,255.0.0.0,2856,12132,121.5261,28.92694,410,400,16,False,浙江,台州,三门县,花桥镇,,,三门县花桥镇芝岙村(丘陵),区域站,中尺度,-         ,,,,
491,491,K8879,长林村,TR,255.0.0.0,2901,12126,121.4353,29.01417,770,760,16,False,浙江,台州,三门县,横渡镇,,三门县,三门县横渡镇长林村(丘陵),区域站,中尺度,-         ,,,,
492,492,K8880,里陈坑,TR,255.0.0.0,2859,12139,121.6486,28.97528,420,410,16,False,浙江,台州,三门县,浦坝港镇,,三门县,三门县浦坝港镇里宅村里陈坑下山塘(丘陵),区域站,中尺度,-         ,,,,
493,493,K8881,大岙山,TR,255.0.0.0,2905,12127,121.4425,29.08055,680,670,16,False,浙江,台州,三门县,海润街道,,,三门县海润街道陈家村大岙山塘(丘陵),区域站,中尺度,-         ,,,,
494,494,K8901,白塔,TRF,255.0.0.0,2844,12035,120.5786,28.72556,1070,1060,16,False,浙江,台州,仙居县,白塔镇,,仙居县,仙居县白塔镇圳口村(平原),区域站,中尺度,-         ,0.0,SHARED_VER,"山区高速,YA",RF
495,495,K8902,横溪,PTURF,255.0.0.0,2844,12029,120.4772,28.72889,1170,1160,8,False,浙江,台州,仙居县,横溪镇,,仙居县,仙居县横溪镇坎头村(平原),区域站,中尺度,-         ,1.0,SHARED_VER,"山区高速,YA",RF
496,496,K8903,朱溪,PTURF,255.0.0.0,2843,12048,120.7936,28.71806,1040,1030,4,False,浙江,台州,仙居县,朱溪镇,,仙居县,仙居县朱溪镇大洪村(丘陵),区域站,中尺度,-         ,1.0,SHARED_VER,"山区,YA",RF
497,497,K8904,广度,TRF,255.0.0.0,2857,12045,120.7519,28.94639,6510,6500,12,False,浙江,台州,仙居县,广度乡,,仙居县,仙居县广度乡政府附近小山头-西角村(山地),区域站,中尺度,-         ,0.0,SHARED_VER,"高山,YA",RH
498,498,K8905,六亩田,PTURF,255.0.0.0,2837,12043,120.7147,28.62139,5690,5680,8,False,浙江,台州,仙居县,上张乡,,仙居县,仙居县上张乡六亩田村(丘陵),区域站,中尺度,-         ,0.0,SHARED_VER,"高山、油茶,YA",R
499,499,K8906,双庙,TR,255.0.0.0,2847,12051,120.8575,28.78889,930,920,12,False,浙江,台州,仙居县,双庙乡,,仙居县,仙居县双庙乡海亮集团农业基地(丘陵),区域站,中尺度,-         ,0.0,SHARED_VER,"山区,YA",R
500,500,K8907,大陈村,TRF,255.0.0.0,2851,12031,120.5117,28.85028,3190,3180,8,False,浙江,台州,仙居县,埠头镇,,仙居县,仙居县埠头镇大陈村(丘陵),区域站,中尺度,-         ,0.0,SHARED_VER,"山区高速,YA",RF
501,501,K8908,柯思,TRF,255.0.0.0,2840,12040,120.6708,28.66389,1380,1370,12,False,浙江,台州,仙居县,田市镇,,仙居县,仙居县田市镇柯思村(丘陵),区域站,中尺度,-         ,0.0,SHARED_VER,"山区高速,YA",RF
502,502,K8909,溪心,TR,255.0.0.0,2854,12037,120.6228,28.895,1970,1960,16,False,浙江,台州,仙居县,官路镇,,仙居县,仙居县官路镇溪心村(丘陵),区域站,中尺度,-         ,0.0,SHARED_VER,"山区,YA",R
503,503,K8910,雅溪,PTURF,255.0.0.0,2842,12020,120.3353,28.69833,1510,1500,4,False,浙江,台州,仙居县,湫山乡,,仙居县,仙居县湫山乡雅溪村(丘陵),区域站,中尺度,-         ,0.0,SHARED_VER,"高速山区,YA",RF
504,504,K8911,淡竹,TRF,255.0.0.0,2840,12034,120.5706,28.67194,1060,1050,8,False,浙江,台州,仙居县,淡竹乡,,仙居县,仙居县淡竹乡尚仁村(丘陵),区域站,中尺度,-         ,1.0,SHARED_VER,"山区,YA",RF
505,505,K8912,溪港,TRF,255.0.0.0,2834,12024,120.3961,28.57361,2200,2190,8,False,浙江,台州,仙居县,溪港乡,,仙居县,仙居县溪港乡政府附近-曹溪村(丘陵),区域站,中尺度,-         ,1.0,SHARED_VER,"山区,YA",RF
506,506,K8913,溪口,TRF,255.0.0.0,2839,12029,120.4797,28.645,3010,3000,12,False,浙江,台州,仙居县,横溪镇,,仙居县,仙居县横溪镇溪口村(丘陵),区域站,中尺度,-         ,0.0,SHARED_VER,"山区,YA",RF
507,507,K8914,苗辽,TUR,255.0.0.0,2837,12048,120.7961,28.61611,7510,7500,16,False,浙江,台州,仙居县,上张乡,,仙居县,仙居县上张乡苗辽林场(山地),区域站,中尺度,-         ,0.0,SHARED_VER,"高山、油茶,YA",H
508,508,K8915,步路,TR,255.0.0.0,2847,12043,120.7242,28.77722,610,600,12,False,浙江,台州,仙居县,步路乡,,仙居县,仙居县步路乡外宅村(丘陵),区域站,中尺度,-         ,0.0,SHARED_VER,"杨梅,YA",R
509,509,K8916,安岭,TURF,255.0.0.0,2834,12020,120.3333,28.56083,4890,4880,12,False,浙江,台州,仙居县,安岭乡,,仙居县,仙居县安岭乡新官村(山地),区域站,中尺度,-         ,0.0,SHARED_VER,"高山,YA",RF
510,510,K8917,下各,TRF,255.0.0.0,2850,12053,120.8778,28.83972,1430,1420,16,False,浙江,台州,仙居县,下各镇,,仙居县,仙居县下各镇羊棚头(平原),区域站,中尺度,-         ,0.0,SHARED_VER,"山区高速,YA",RF
511,511,K8918,皤滩,TR,255.0.0.0,2844,12031,120.5208,28.72583,1620,1610,16,False,浙江,台州,仙居县,皤滩镇,,仙居县,仙居县皤滩镇万竹口(丘陵),区域站,中尺度,-         ,0.0,SHARED_VER,"山区高速,YA",R
512,512,K8919,对山,TRF,255.0.0.0,2846,12047,120.775,28.76056,5140,5130,16,False,浙江,台州,仙居县,大战乡,,仙居县,仙居县大战乡对山村(山地),区域站,中尺度,-         ,0.0,SHARED_VER,"高山,YA",RH
513,513,K8920,山岙,TRF,255.0.0.0,2847,12026,120.4283,28.77944,5540,5530,12,False,浙江,台州,仙居县,横溪镇,,仙居县,仙居县横溪镇山岙村(山地),区域站,中尺度,-         ,0.0,SHARED_VER,"高山,YA",RH
514,514,K8921,蓄能站,TRF,255.0.0.0,2838,12025,120.4019,28.63111,5690,5680,16,False,浙江,台州,仙居县,湫山乡,,仙居县,仙居县湫山乡抽水蓄能站-梧桐村(山地),区域站,中尺度,-         ,0.0,SHARED_VER,"山区,YA",H
515,515,K8922,工业园区,TRF,255.0.0.0,2853,12050,120.8328,28.87944,710,700,16,False,浙江,台州,仙居县,福应街道,,仙居县,仙居县福应街道工业园区(平原),区域站,中尺度,-         ,0.0,SHARED_VER,"高速,YA",RF
516,516,K8923,俞坑,TURF,255.0.0.0,2833,12035,120.5878,28.54944,4070,4060,8,False,浙江,台州,仙居县,淡竹乡,,仙居县,仙居县淡竹乡俞坑村(山地),区域站,中尺度,-         ,0.0,SHARED_VER,"高山,YA",RF
517,517,K8924,谷坦,TURF,255.0.0.0,2853,12036,120.6025,28.87833,5360,5350,16,False,浙江,台州,仙居县,官路镇,,仙居县,仙居县官路镇谷坦水库(山地),区域站,中尺度,-         ,0.0,SHARED_VER,"高山、杨梅,YA",R
518,518,K8925,南峰,TRF,255.0.0.0,2850,12045,120.7467,28.825,490,480,16,False,浙江,台州,仙居县,南峰街道,,仙居县,仙居县南峰街道卜家岙村(丘陵),区域站,中尺度,-         ,,,"高速,YA",RF
519,519,K8926,湫山,TRF,255.0.0.0,2842,12027,120.4433,28.69833,1350,1340,16,False,浙江,台州,仙居县,湫山乡,,仙居县,仙居县湫山乡湫山村(山地),区域站,中尺度,-         ,,,"高速,YA",RF
520,520,K8927,四小,TRF,255.0.0.0,2852,12044,120.7306,28.87278,760,750,31,False,浙江,台州,仙居县,安洲街道,,仙居县,仙居县第四小学-县前村(丘陵),区域站,中尺度,-         ,,,YA,RF
521,521,K8928,永狮,PTURF,255.0.0.0,2849,12038,120.6328,28.81194,820,810,12,False,浙江,台州,仙居县,官路镇,,仙居县,仙居县官路镇永狮村(丘陵),区域站,中尺度,-         ,,,"高速,YA",RF
522,522,K8929,茶溪,TURFVD,255.0.0.0,2847,12035,120.5811,28.775,870,860,16,False,浙江,台州,仙居县,白塔镇,,仙居县,仙居县白塔镇染塘村(交通服务)(丘陵),区域站,中尺度,-         ,,,"高速,YA,GS",RF
523,523,K8941,淡竹0,TR,255.0.0.0,2839,12034,120.5667,28.65,1050,1050,64,False,浙江,台州,仙居县,淡竹乡,,仙居县,淡竹乡,区域站,中尺度,-         ,1.0,SHARED_VER,山区,
524,524,K8942,朱坑里,PTURF,255.0.0.0,2836,12039,120.6542,28.60417,4210,4200,16,False,浙江,台州,仙居县,淡竹乡,,仙居县,仙居县淡竹乡朱坑里村(丘陵),区域站,中尺度,-         ,,,YA,R
525,525,K8943,吴山后,TR,255.0.0.0,2836,12032,120.5281,28.59222,5410,5400,16,False,浙江,台州,仙居县,淡竹乡,,仙居县,仙居县淡竹乡吴山后村(丘陵),区域站,中尺度,-         ,,,YA,R
526,526,K8944,神仙居,PTURF,255.0.0.0,2841,12036,120.6053,28.6775,8010,8000,64,False,浙江,台州,仙居县,淡竹乡,,仙居县,仙居县淡竹乡官坑村神仙居景区内(山地),区域站,中尺度,-         ,,,YA,
527,527,K8945,青尖山,PTURF,255.0.0.0,2855,12044,120.7275,28.91639,8250,8240,16,False,浙江,台州,仙居县,福应街道,,仙居县,仙居县福应街道青尖山顶(山地),区域站,中尺度,-         ,,,YA,R
528,528,K8946,公盂,PTURF,255.0.0.0,2838,12039,120.6425,28.63917,6510,6500,16,False,浙江,台州,仙居县,田市镇,,仙居县,仙居县田市镇公盂村(山地),区域站,中尺度,-         ,,,YA,R
529,529,K8947,垟庄,TURF,255.0.0.0,2847,12030,120.5061,28.78306,960,950,16,False,浙江,台州,仙居县,横溪镇,,仙居县,仙居县横溪镇垟庄村(平原),区域站,中尺度,-         ,,,YA,RF
530,530,K8948,上蓄能,PTURF,255.0.0.0,2839,12025,120.4169,28.64528,6810,6800,16,False,浙江,台州,仙居县,湫山乡,,仙居县,仙居县湫山乡抽水蓄能站上水库(山地),区域站,中尺度,-         ,,,YA,R
531,531,K8949,天顶茶场,TURF,255.0.0.0,2838,12048,120.8078,28.62583,8710,8700,16,False,浙江,台州,仙居县,上张乡,,仙居县,仙居县上张乡杨树坪村(山地),区域站,中尺度,-         ,,,YA,R
532,532,K8950,西陆,PTURF,255.0.0.0,2849,12051,120.8483,28.82278,1040,1030,16,False,浙江,台州,仙居县,下各镇,,仙居县,仙居县下各镇西陆村(丘陵),区域站,中尺度,-         ,,,YA,RF
533,533,K8951,苍岭西,TURFVD,255.0.0.0,2846,12019,120.3233,28.76278,3520,3510,16,False,浙江,台州,仙居县,横溪镇,,仙居县,仙居县横溪镇苍岭隧道西口(丘陵),区域站,中尺度,-         ,,,"YA,GS",
534,534,K8952,西炉村,PTURF,255.0.0.0,2848,12042,120.6969,28.79694,860,850,16,False,浙江,台州,仙居县,步路乡,,仙居县,仙居县步路乡西炉村(平原),区域站,中尺度,-         ,,,YA,RF
535,535,K8970,芭蕉坑,PTURF,255.0.0.0,2840,12021,120.3575,28.65944,2610,2600,16,False,浙江,台州,仙居县,湫山乡,,仙居县,仙居县湫山乡芭蕉坑村(丘陵),区域站,中尺度,-         ,,,YA,RF
536,536,K8971,银地村,PTURF,255.0.0.0,2849,12029,120.475,28.81333,6400,6390,16,False,浙江,台州,仙居县,横溪镇,,仙居县,仙居县横溪镇银地村(山地),区域站,中尺度,-         ,,,YA,R
537,537,K8972,牛脚村,TRF,255.0.0.0,2838,12026,120.4378,28.62861,5540,5530,16,False,浙江,台州,仙居县,湫山乡,,仙居县,仙居县湫山乡牛脚村(山地),区域站,中尺度,-         ,,,YA,R
538,538,K8973,船山村,PTURF,255.0.0.0,2849,12042,120.7011,28.81833,1860,1850,16,False,浙江,台州,仙居县,南峰街道,,仙居县,仙居县南峰街道船山村(丘陵),区域站,中尺度,-         ,,,YA,RF
539,539,K8974,苍岭东,PTURF,255.0.0.0,2845,12024,120.4072,28.75222,2170,2160,16,False,浙江,台州,仙居县,横溪镇,,仙居县,仙居县横溪镇苍岭坑村苍岭东(丘陵),区域站,中尺度,-         ,,,"YA,GS",
540,540,K8975,路口,TURFDQK,255.0.0.0,2854,12041,120.6878,28.89278,5770,5760,16,False,浙江,台州,仙居县,安洲街道,,仙居县,仙居县安洲街道路口村烟霞一品杨梅园(丘陵),区域站,中尺度,-         ,,,"杨梅,YA",
541,541,K8976,景星岩,PTURF,255.0.0.0,2843,12039,120.6536,28.7125,2530,2520,16,False,浙江,台州,仙居县,白塔镇,,仙居县,仙居县白塔镇景星岩景区(丘陵),区域站,中尺度,-         ,,,YA,RF
542,542,K8977,厚仁村,PTURF,255.0.0.0,2847,12036,120.6022,28.77695,800,790,16,False,浙江,台州,仙居县,白塔镇,,仙居县,仙居县白塔镇厚仁村(平原),区域站,中尺度,-         ,,,YA,
543,543,K8978,双峰隧道南,PTURF,255.0.0.0,2852,12030,120.4986,28.87139,4070,4060,16,False,浙江,台州,仙居县,埠头镇,,仙居县,仙居县埠头镇诸永高速双峰隧道南(丘陵),区域站,中尺度,-         ,,,"YA,GS",
544,544,K8979,括苍隧道北,PTURF,255.0.0.0,2838,12040,120.6733,28.63417,2300,2290,16,False,浙江,台州,仙居县,田市镇,,仙居县,仙居县田市镇诸永高速括苍隧道北(丘陵),区域站,中尺度,-         ,,,"YA,GS",
545,545,K8980,神仙居,PTURF,255.0.0.0,2841,12036,120.6036,28.67945,8450,8440,16,False,浙江,台州,仙居县,淡竹乡,,仙居县,仙居县淡竹乡神仙居景区(山地),区域站,中尺度,-         ,,,YA,
546,546,K8981,三角地,PTURF,255.0.0.0,2856,12048,120.7975,28.9275,6480,6470,16,False,浙江,台州,仙居县,福应街道,,仙居县,仙居县福应街道三角地村(山地),区域站,中尺度,-         ,,,YA,
547,547,K8982,金竹寺,PTURF,255.0.0.0,2838,12054,120.8931,28.64278,5150,5140,16,False,浙江,台州,仙居县,朱溪镇,,仙居县,仙居县朱溪镇金竹寺村(山地),区域站,中尺度,-         ,,,YA,
548,548,K8983,过朗,PTURF,255.0.0.0,2849,12049,120.8103,28.82222,1020,1010,16,False,浙江,台州,仙居县,大战乡,,仙居县,仙居县大战乡格垟村过朗(丘陵),区域站,中尺度,-         ,,,YA,
549,549,K8984,祝家辽,PTURF,255.0.0.0,2858,12040,120.6733,28.96445,8380,8370,16,False,浙江,台州,仙居县,广度乡,,仙居县,仙居县广度乡祝家辽村(山地),区域站,中尺度,-         ,,,YA,
550,550,K8985,下岸水库,PTURF,255.0.0.0,2836,12024,120.4003,28.60528,2210,2200,16,False,浙江,台州,仙居县,溪港乡,,,仙居县溪港乡永溪村下岸水库(丘陵),区域站,中尺度,-         ,,,,
551,551,K8986,山皇堂,TR,255.0.0.0,2848,12033,120.545,28.80445,3170,3170,16,False,浙江,台州,仙居县,埠头镇,,仙居县,仙居县埠头镇洪坑村山皇堂(丘陵),区域站,中尺度,-         ,,,,
552,552,K8987,金坑口,TR,255.0.0.0,2840,12031,120.5092,28.66444,2220,2220,16,False,浙江,台州,仙居县,皤滩乡,,仙居县,仙居县皤滩乡金坑口村下河(丘陵),区域站,中尺度,-         ,,,,
553,553,K8988,白岭脚,TR,255.0.0.0,2851,12039,120.6486,28.84361,1170,1170,16,False,浙江,台州,仙居县,官路镇,,仙居县,仙居县官路镇白岭脚村(丘陵),区域站,中尺度,-         ,,,,
